isolation,mood,prev_success,prev_diff,progress,target_intensity
51,5,10,4.12,5,4.0
82,3,10,4.46,4,4.0
23,3,5,1.23,4,1.18
29,2,4,3.47,2,3.0
21,5,8,2.16,3,2.52
41,4,2,2.53,4,1.82
63,1,2,4.44,7,3.44
20,1,6,1.05,1,1.0
59,2,9,2.22,5,1.9
1,4,6,3.44,7,3.64
34,1,3,1.73,4,1.0
1,2,3,1.74,7,1.23
17,2,1,2.58,4,2.0
13,4,8,4.84,5,4.0
79,5,1,3.16,2,2.26
88,4,8,2.19,5,2.21
64,1,6,2.69,1,1.69
7,3,2,3.83,3,3.0
34,1,10,1.3,7,1.0
40,4,6,4.4,4,4.0
33,1,6,2.24,5,1.24
98,4,7,2.1,3,2.1
64,3,4,4.89,3,3.0
0,5,9,1.94,6,2.42
26,1,9,1.1,5,1.0
50,1,3,3.25,4,2.25
93,5,6,3.42,7,3.63
42,5,3,4.77,7,4.06
58,3,5,4.52,2,3.0
44,1,4,4.49,4,3.49
43,4,10,2.3,7,2.8
91,1,6,4.63,1,2.0
26,1,3,2.41,3,1.41
69,3,8,2.94,1,2.0
50,2,7,4.77,6,4.47
31,1,3,2.45,1,1.45
57,4,6,2.99,1,2.0
100,1,7,1.15,1,1.0
1,2,5,1.13,1,1.0
0,3,1,3.12,2,2.62
31,4,6,4.05,3,3.0
16,5,3,4.93,6,4.35
10,1,8,2.28,6,1.28
79,5,2,3.36,3,2.47
35,3,9,3.05,3,2.98
19,4,8,3.76,7,3.93
81,1,10,2.36,1,1.36
49,2,2,1.91,2,1.17
59,1,1,4.99,6,3.99
11,5,4,4.53,7,4.91
8,1,2,3.8,3,2.8
19,1,7,4.4,1,2.0
71,4,5,3.68,6,3.73
98,1,2,4.89,2,3.0
81,2,5,2.79,5,2.43
40,4,0,1.07,6,1.0
20,4,7,3.6,7,3.76
66,1,0,3.17,3,2.17
85,5,2,4.57,3,3.0
26,2,4,3.01,4,2.76
63,1,4,1.92,3,1.0
3,3,0,1.17,4,1.0
91,5,4,4.53,4,4.0
36,5,0,3.21,7,2.53
98,4,0,1.3,5,1.0
84,1,2,1.68,1,1.0
94,2,2,3.28,2,2.31
31,2,10,2.18,2,1.92
16,1,8,3.81,7,2.81
92,2,6,2.68,2,2.3
24,5,9,1.02,4,1.44
44,4,0,1.28,6,1.0
15,4,2,2.35,4,1.78
97,2,6,3.69,3,3.0
24,2,5,3.36,6,3.12
48,4,9,4.29,6,4.76
59,5,0,4.31,4,3.52
4,4,5,1.21,4,1.4
93,3,6,1.55,5,1.37
29,3,0,2.6,3,1.95
91,2,6,2.0,2,1.62
61,1,4,1.23,2,1.0
0,2,5,3.86,5,3.66
0,5,6,3.63,5,4.0
21,5,6,1.19,2,1.55
15,3,4,1.48,5,1.45
77,4,4,1.38,6,1.42
61,4,4,2.9,2,2.97
89,5,6,2.39,6,2.61
93,5,6,1.19,6,1.41
68,4,1,2.04,2,1.2
18,2,0,3.16,5,2.57
3,2,0,4.47,3,3.0
83,4,1,3.29,1,2.0
32,5,2,4.28,4,3.62
66,1,0,3.61,3,2.61
43,5,1,1.16,2,1.0
34,1,9,2.28,2,1.28
73,2,1,2.04,7,1.18
67,2,4,2.39,3,2.06
28,4,8,4.21,1,2.0
35,2,4,4.0,3,3.0
48,3,3,2.49,7,1.75
95,5,0,3.72,7,2.74
88,3,8,2.51,1,2.0
61,4,8,2.28,3,2.36
18,1,3,1.04,1,1.0
18,4,8,2.28,6,2.44
94,4,2,2.97,5,2.0
68,3,8,3.21,5,3.08
99,5,6,4.13,7,4.33
52,2,9,1.23,7,1.0
4,3,6,3.18,3,3.0
17,4,8,4.05,4,4.0
16,5,5,1.34,5,1.7
39,2,8,4.29,2,3.0
65,5,4,1.93,5,2.2
64,4,0,4.79,1,2.0
44,4,3,2.51,7,1.79
18,5,5,3.82,2,3.0
89,3,6,2.74,5,2.56
12,2,9,3.96,5,3.74
38,1,2,3.33,6,2.33
62,4,0,1.33,1,1.0
37,5,5,4.21,5,4.0
31,5,4,1.17,5,1.51
74,4,4,2.01,3,2.06
19,1,1,1.66,1,1.0
13,1,4,3.79,3,2.79
15,1,10,2.12,6,1.12
75,4,4,2.11,4,2.16
35,2,7,2.41,2,2.14
27,4,4,4.9,3,3.0
62,1,8,2.24,4,1.24
76,4,2,4.29,2,3.0
68,1,1,1.33,6,1.0
4,1,5,4.24,7,3.24
48,3,4,4.0,1,2.0
85,3,10,3.28,1,2.0
97,1,2,1.54,5,1.0
54,4,0,3.14,5,2.37
2,5,6,4.08,5,4.0
73,2,2,1.99,6,1.12
72,1,2,2.1,4,1.1
61,1,0,4.03,2,3.0
91,2,9,3.08,6,2.7
2,3,1,4.41,6,3.9
4,3,8,3.36,7,3.35
46,5,4,3.56,3,3.0
50,4,1,2.4,2,1.65
81,3,2,4.62,4,3.71
37,1,7,4.64,6,3.64
50,1,4,4.19,2,3.0
55,1,9,4.08,4,3.08
87,5,1,3.48,2,2.55
76,3,10,1.96,3,1.81
22,3,5,3.79,4,3.75
3,1,2,4.5,3,3.0
92,2,9,1.9,5,1.51
4,2,9,1.71,5,1.5
69,1,4,2.84,2,1.84
45,2,0,3.01,5,2.29
26,1,9,4.2,1,2.0
85,3,0,2.11,1,1.18
7,1,2,1.74,7,1.0
46,2,6,3.13,2,2.83
25,3,7,1.53,3,1.48
22,3,1,2.79,3,2.18
14,1,6,2.51,2,1.51
38,1,0,1.85,2,1.0
43,1,0,2.37,1,1.37
67,2,2,3.6,2,2.76
99,2,7,3.35,4,2.95
82,2,8,2.35,4,1.99
25,2,10,2.42,5,2.17
69,5,8,1.95,6,2.21
20,4,10,1.35,6,1.82
94,1,6,1.21,7,1.0
39,5,3,4.99,6,4.29
65,4,10,4.46,6,4.93
93,3,8,3.87,3,3.0
7,2,2,4.35,5,3.82
69,2,5,3.84,4,3.51
96,4,0,3.12,1,2.0
89,5,10,4.73,5,4.0
2,1,5,2.35,2,1.35
4,2,1,2.29,2,1.77
83,1,4,1.01,1,1.0
74,3,0,4.4,4,3.53
49,5,7,4.96,2,3.0
75,3,2,4.71,6,3.83
59,5,7,4.31,5,4.0
13,4,2,1.66,5,1.09
82,3,9,4.63,1,2.0
41,1,1,4.27,7,3.27
13,3,5,3.16,7,3.13
14,1,8,2.42,7,1.42
65,5,7,1.92,7,2.19
50,3,6,3.92,2,3.0
63,4,0,3.13,7,2.32
26,4,5,4.01,5,4.0
100,3,6,1.57,4,1.37
85,2,9,2.98,2,2.61
96,5,3,2.83,4,1.85
55,5,7,1.6,7,1.89
67,4,1,1.05,3,1.0
35,4,9,2.01,5,2.45
19,3,9,2.37,6,2.33
71,2,10,1.61,5,1.27
61,2,8,2.02,4,1.7
42,4,3,4.68,5,3.97
36,2,0,3.31,2,2.63
8,3,7,4.36,3,3.0
22,1,4,4.94,6,3.94
35,1,0,4.48,7,3.48
39,5,8,3.98,2,3.0
51,1,4,3.41,3,2.41
62,4,8,4.45,6,4.53
1,2,10,3.95,1,2.0
42,3,10,1.56,1,1.48
70,4,5,1.14,1,1.2
48,5,10,3.53,4,3.94
84,1,6,4.9,1,2.0
48,4,5,4.44,7,4.55
60,1,6,3.38,5,2.38
93,3,10,4.2,6,4.01
31,5,0,1.15,6,1.0
15,3,1,2.18,3,1.6
46,2,1,3.14,1,2.0
93,3,3,1.73,5,1.0
54,3,9,2.08,6,1.97
33,4,0,1.1,4,1.0
31,2,6,3.64,1,2.0
56,3,7,1.78,7,1.67
71,1,4,1.71,1,1.0
91,2,2,1.97,6,1.02
31,3,3,4.78,6,4.12
84,2,6,3.53,1,2.0
22,5,2,1.49,3,1.0
35,5,1,4.57,7,3.9
68,4,10,2.04,2,2.39
66,4,3,3.5,6,2.67
93,1,1,4.44,3,3.0
85,4,7,1.46,6,1.49
58,1,1,1.09,6,1.0
8,2,8,2.03,6,1.82
21,3,3,1.53,5,1.0
97,5,10,4.29,5,4.0
41,4,8,2.1,1,2.0
36,1,5,4.32,7,3.32
85,5,10,4.6,6,5.0
90,2,8,2.98,2,2.6
44,1,9,2.62,6,1.62
45,2,5,3.95,3,3.0
52,4,2,1.98,5,1.22
10,3,3,3.88,7,3.33
98,2,6,3.65,6,3.26
21,5,7,1.86,4,2.22
19,3,2,4.37,1,2.0
61,3,10,2.34,2,2.21
65,5,8,1.3,1,1.57
0,1,10,3.39,1,2.0
38,3,2,1.31,4,1.0
43,3,5,3.36,3,3.0
100,4,10,4.67,5,4.0
16,2,8,2.78,7,2.55
11,3,7,3.56,1,2.0
86,5,5,3.55,1,2.0
81,1,10,4.95,5,3.95
25,2,6,5.0,2,3.0
84,2,6,1.14,5,1.0
6,1,2,4.7,2,3.0
58,5,1,3.98,4,3.19
38,3,1,3.09,7,2.4
16,3,1,4.54,3,3.0
39,2,6,2.62,7,2.34
14,1,3,4.16,1,2.0
12,2,0,4.54,2,3.0
65,3,9,4.96,3,3.0
12,5,1,4.76,3,3.0
38,4,0,2.61,5,1.92
56,4,8,4.07,1,2.0
83,5,0,1.96,3,1.04
44,2,3,3.86,5,3.14
24,1,4,4.95,1,2.0
14,1,8,3.72,4,2.72
58,2,4,4.15,3,3.0
69,3,1,1.67,4,1.0
3,3,7,4.77,7,4.76
53,5,2,3.05,2,2.29
97,1,9,1.15,2,1.0
2,5,4,3.52,7,3.92
48,1,2,3.39,1,2.0
60,3,9,3.06,2,2.94
61,1,7,4.59,3,3.0
12,5,8,3.37,6,3.75
100,2,10,4.51,3,3.0
91,5,8,1.18,2,1.4
75,2,8,2.32,1,1.97
4,3,10,2.13,4,2.12
78,3,4,1.2,2,1.04
69,5,4,4.97,2,3.0
39,5,2,4.3,2,3.0
39,3,0,4.51,3,3.0
79,4,0,1.63,1,1.0
12,3,8,4.72,4,4.0
62,3,5,1.76,5,1.63
44,2,8,1.12,7,1.0
41,2,10,1.91,7,1.63
30,2,3,3.22,5,2.57
92,4,6,1.77,5,1.79
45,3,0,3.24,7,2.51
97,4,7,4.27,6,4.28
82,2,8,4.85,7,4.49
27,4,4,1.41,4,1.56
19,4,1,4.79,1,2.0
11,1,9,2.89,6,1.89
89,3,1,4.49,7,3.54
28,4,3,3.59,4,2.95
75,5,10,4.29,7,4.79
78,3,10,3.73,2,3.0
97,2,3,2.7,5,1.72
38,5,10,1.88,2,2.24
46,4,5,1.53,3,1.63
80,4,7,2.73,5,2.77
46,5,10,4.86,3,3.0
56,5,2,2.25,2,1.47
37,2,2,1.12,1,1.0
23,4,1,4.46,3,3.0
71,4,8,4.47,5,4.0
7,3,1,4.04,3,3.0
92,4,4,4.65,2,3.0
2,4,8,1.0,7,1.2
16,4,3,2.72,6,2.14
47,1,5,3.33,5,2.33
1,3,0,1.05,2,1.0
93,2,5,2.17,5,1.78
88,1,5,4.63,3,3.0
85,3,7,1.58,4,1.41
45,4,3,2.38,2,1.66
96,2,0,1.35,5,1.0
29,1,3,2.43,7,1.43
65,2,9,4.2,2,3.0
43,1,7,3.55,3,2.55
5,1,5,3.47,7,2.47
31,1,1,4.74,2,3.0
91,4,10,2.94,3,3.0
83,4,5,4.27,2,3.0
2,1,9,2.75,2,1.75
11,4,8,4.49,2,3.0
18,4,7,4.49,5,4.0
54,3,1,1.08,3,1.0
21,5,7,4.9,3,3.0
27,2,2,3.72,5,3.09
53,1,6,2.85,6,1.85
84,2,7,2.7,4,2.33
91,4,3,3.02,2,2.06
48,3,8,2.75,5,2.66
97,4,1,3.39,4,2.41
5,2,2,3.37,6,2.84
11,3,1,3.53,7,2.97
96,3,9,3.86,6,3.67
86,2,1,1.72,5,1.0
37,5,8,1.99,4,2.31
13,1,3,3.37,6,2.37
16,3,8,4.88,2,3.0
34,5,4,2.3,4,2.63
55,4,6,2.82,3,2.91
9,3,5,1.68,2,1.66
92,2,8,2.72,4,2.34
7,3,0,2.01,6,1.48
83,4,8,3.42,7,3.46
100,4,4,4.13,4,4.0
55,4,5,1.82,5,1.91
19,2,1,1.49,5,1.0
19,2,0,1.49,6,1.0
100,5,10,2.26,1,2.0
50,4,9,2.59,2,2.95
87,3,10,1.07,1,1.0
49,5,8,3.32,7,3.62
42,2,6,3.67,4,3.38
22,5,3,3.82,2,3.0
7,2,4,1.38,5,1.16
95,5,5,2.02,1,2.0
54,2,10,3.73,2,3.0
81,1,9,4.48,1,2.0
75,3,7,4.18,4,4.0
32,1,2,4.76,6,3.76
52,5,8,1.43,4,1.72
65,2,5,2.27,1,1.94
40,1,8,1.36,7,1.0
74,4,1,2.62,6,1.75
3,3,5,4.61,5,4.0
22,3,10,2.5,6,2.46
53,1,4,2.3,4,1.3
70,5,2,2.55,1,1.7
32,1,0,2.78,6,1.78
89,3,2,1.67,6,1.0
73,2,8,2.52,2,2.17
71,2,5,4.66,5,4.0
25,1,4,2.6,5,1.6
78,4,3,3.43,7,2.54
69,2,10,3.08,5,2.75
22,3,6,4.59,5,4.0
14,1,3,4.71,7,3.71
67,5,5,1.78,6,2.04
67,5,3,3.68,5,2.85
27,3,7,2.25,4,2.19
29,2,1,2.09,4,1.45
89,1,10,1.49,4,1.0
73,5,6,2.18,1,2.0
41,5,9,4.67,4,4.0
67,1,7,3.11,7,2.11
12,5,5,3.37,2,3.0
8,2,7,2.64,5,2.43
41,1,9,2.02,4,1.02
49,3,3,2.69,2,1.95
88,2,2,3.5,1,2.0
54,2,4,1.67,3,1.36
97,1,6,3.14,6,2.14
47,5,2,3.43,3,2.69
9,1,8,2.99,2,1.99
63,3,6,3.78,3,3.0
41,5,6,3.9,3,3.0
23,4,2,3.41,6,2.8
41,5,3,1.34,1,1.0
35,3,8,2.29,3,2.22
69,1,6,1.28,1,1.0
59,2,4,1.28,5,1.0
7,2,2,3.13,5,2.6
57,3,5,3.68,7,3.56
43,2,5,3.23,2,2.95
86,4,7,3.32,2,3.0
35,5,8,1.68,2,2.01
61,1,6,4.02,1,2.0
15,4,7,4.18,6,4.35
22,4,2,1.61,5,1.0
83,4,0,4.37,5,3.45
83,2,7,4.02,1,2.0
15,4,5,1.64,5,1.81
13,4,0,1.91,5,1.34
65,1,4,2.39,1,1.39
72,1,10,4.3,6,3.3
22,2,3,4.49,6,3.88
34,3,5,3.27,4,3.2
11,1,9,3.16,5,2.16
34,2,5,1.57,7,1.3
51,1,4,1.09,3,1.0
1,3,1,4.83,2,3.0
9,1,1,1.53,6,1.0
32,4,0,3.43,6,2.77
51,3,2,2.59,1,1.84
12,5,1,1.27,2,1.0
67,1,3,1.32,4,1.0
31,4,3,2.76,4,2.1
62,5,10,3.48,4,3.89
22,3,2,3.26,2,2.65
9,1,1,2.94,2,1.94
30,1,6,1.96,3,1.0
20,1,2,1.71,4,1.0
96,4,3,4.99,1,2.0
100,4,3,1.7,4,1.0
37,2,4,4.55,6,4.27
98,3,5,4.31,5,4.0
85,5,6,2.66,3,2.89
20,5,9,3.72,7,4.22
4,1,4,4.34,5,3.34
84,5,1,1.26,4,1.0
80,3,0,3.19,7,2.29
20,4,6,1.6,6,1.76
67,2,3,1.97,2,1.14
98,1,3,4.44,2,3.0
20,2,0,4.82,1,2.0
8,1,0,4.24,5,3.24
96,2,1,1.15,4,1.0
20,4,10,2.98,3,3.0
85,1,0,1.27,5,1.0
82,5,0,2.77,5,1.86
71,1,6,3.87,5,2.87
50,3,7,1.14,4,1.04
20,2,3,2.4,7,1.8
82,3,2,1.7,5,1.0
4,2,5,1.33,4,1.12
80,1,8,2.53,2,1.53
66,1,3,3.46,6,2.46
40,1,9,2.91,7,1.91
9,5,3,2.17,2,1.63
12,5,1,1.51,7,1.0
16,2,6,1.38,3,1.15
77,4,9,3.45,6,3.92
29,4,4,3.7,3,3.0
45,1,7,4.97,2,3.0
31,1,8,3.18,5,2.18
12,5,7,3.99,6,4.37
6,4,10,2.28,6,2.75
88,4,1,1.43,5,1.0
78,4,10,4.86,7,5.0
22,4,5,3.17,5,3.32
96,3,5,3.26,5,3.07
29,4,8,4.04,7,4.19
7,2,9,1.04,1,1.0
4,3,0,2.11,3,1.59
95,2,1,1.82,2,1.0
20,3,10,3.75,5,3.71
8,4,3,1.02,2,1.0
57,4,0,1.04,1,1.0
33,5,8,3.71,3,3.0
94,3,4,1.5,7,1.31
3,4,9,4.54,3,3.0
25,5,5,2.65,7,3.0
20,2,5,1.67,4,1.43
56,5,3,2.61,7,1.83
3,5,2,1.26,2,1.0
54,4,3,1.21,2,1.0
29,2,2,2.08,4,1.43
18,1,2,1.23,5,1.0
75,2,5,1.84,4,1.49
63,3,3,1.49,1,1.0
54,1,1,2.49,1,1.49
91,3,10,3.93,6,3.75
44,1,0,3.55,4,2.55
46,3,5,4.96,4,4.0
74,1,9,3.35,1,2.0
60,2,1,1.66,3,1.0
93,5,5,3.07,5,3.29
50,5,2,2.04,6,1.29
25,3,4,4.37,5,4.0
83,1,4,2.83,5,1.83
99,2,3,1.2,7,1.0
34,1,7,3.92,6,2.92
40,4,8,4.01,1,2.0
35,5,7,1.23,6,1.56
85,4,6,1.99,4,2.02
13,2,5,2.72,1,2.0
76,4,8,2.95,3,3.0
83,2,9,3.25,5,2.88
67,2,0,4.09,6,3.25
14,2,7,3.19,7,2.97
47,5,9,4.31,6,4.78
56,5,9,4.92,5,4.0
2,2,4,3.26,3,3.0
88,5,8,1.73,1,1.96
49,5,3,2.67,1,1.93
70,1,0,4.92,5,3.92
97,4,9,3.17,7,3.67
85,1,0,3.45,6,2.45
69,2,0,2.71,5,1.87
1,1,1,1.39,3,1.0
38,4,7,4.15,6,4.27
59,3,9,4.91,3,3.0
62,1,6,4.49,2,3.0
67,4,5,1.07,5,1.14
78,4,10,4.79,2,3.0
27,2,0,1.11,1,1.0
2,4,0,2.56,3,2.05
5,4,6,4.29,2,3.0
42,3,4,4.86,4,4.0
73,4,8,3.31,5,3.36
71,1,7,3.08,4,2.08
83,4,1,2.27,3,1.35
2,3,1,1.68,6,1.17
32,4,0,1.13,5,1.0
31,4,10,2.25,6,2.72
69,3,8,4.21,6,4.08
15,1,6,1.49,6,1.0
12,2,3,4.99,2,3.0
94,3,6,1.52,5,1.33
24,3,0,1.12,4,1.0
33,2,4,4.89,4,4.0
92,1,3,4.67,6,3.67
82,4,8,2.88,7,2.92
72,5,7,2.98,3,3.0
75,4,9,1.98,4,2.39
89,1,4,2.68,2,1.68
40,3,1,4.0,1,2.0
22,1,4,4.22,6,3.22
14,3,2,1.12,5,1.0
15,2,1,2.26,4,1.68
46,1,3,1.91,7,1.0
86,3,3,4.47,7,3.54
37,5,2,4.05,5,3.37
45,4,3,4.48,7,3.76
8,3,1,3.6,6,3.06
90,3,10,2.56,6,2.38
37,4,4,3.19,3,3.0
18,3,3,1.07,6,1.0
25,1,2,4.89,3,3.0
41,3,8,4.36,5,4.0
70,1,10,3.51,1,2.0
18,4,7,3.81,5,3.98
35,1,8,1.05,4,1.0
88,3,4,2.19,3,2.01
77,1,3,1.26,4,1.0
7,2,8,2.32,6,2.11
40,5,0,2.14,4,1.44
34,3,1,3.29,5,2.62
68,4,4,3.4,1,2.0
72,5,8,3.68,1,2.0
97,1,7,3.07,7,2.07
39,4,5,2.74,7,2.86
14,1,2,4.57,5,3.57
21,5,2,2.78,1,2.0
28,3,3,3.71,4,3.07
27,4,5,4.15,3,3.0
85,4,1,2.09,3,1.16
54,1,0,2.08,6,1.08
5,1,1,2.45,4,1.45
5,2,10,1.56,4,1.35
64,1,0,3.49,6,2.49
34,5,3,1.83,5,1.16
60,1,0,1.88,3,1.0
19,4,0,2.36,5,1.76
48,2,10,1.18,1,1.0
8,5,0,3.47,5,2.93
50,3,6,3.3,7,3.2
12,3,2,2.8,7,2.24
45,5,0,2.56,3,1.83
75,5,4,2.03,5,2.28
32,5,9,4.82,2,3.0
68,1,10,1.01,6,1.0
46,1,3,3.75,2,2.75
67,1,3,2.48,3,1.48
27,4,0,1.28,2,1.0
14,1,6,2.65,5,1.65
73,2,2,3.37,2,2.51
13,2,2,4.65,1,2.0
38,4,2,3.9,3,3.0
1,5,5,4.32,6,4.71
39,2,0,3.78,4,3.08
34,3,0,1.34,7,1.0
89,5,4,4.23,7,4.45
94,1,6,4.27,6,3.27
27,5,5,4.41,4,4.0
98,5,6,3.17,6,3.37
29,4,1,2.54,3,1.89
27,4,8,2.72,3,2.87
47,2,10,3.4,4,3.11
32,2,7,1.66,7,1.4
67,5,7,4.05,7,4.31
19,3,9,3.58,4,3.55
34,3,10,2.64,1,2.0
37,5,7,2.46,4,2.78
55,4,5,2.82,4,2.91
49,5,7,4.91,3,3.0
74,5,3,1.4,6,1.0
63,3,9,2.58,6,2.46
58,5,4,2.16,5,2.44
36,2,4,2.9,6,2.62
67,2,8,4.94,5,4.0
58,4,0,2.54,6,1.75
67,5,4,2.91,5,3.18
33,5,5,1.99,7,2.32
50,3,9,4.31,5,4.0
50,2,0,3.03,7,2.28
20,4,10,3.23,3,3.0
0,4,7,5.0,5,4.0
97,3,3,2.61,1,1.62
98,4,1,3.49,1,2.0
23,2,2,1.81,5,1.19
7,4,4,2.9,4,3.09
18,3,4,3.4,6,3.36
44,4,5,1.52,3,1.63
91,5,0,3.72,1,2.0
45,2,5,1.6,3,1.31
25,4,3,4.45,7,3.83
54,2,3,2.14,1,1.37
61,3,10,4.67,3,3.0
80,3,4,4.92,2,3.0
91,3,3,4.23,3,3.0
47,1,7,4.42,1,2.0
80,1,0,4.57,3,3.0
62,3,10,1.12,7,1.0
60,2,5,3.75,3,3.0
66,2,9,3.53,5,3.2
79,4,1,2.33,3,1.44
55,1,2,4.99,2,3.0
70,3,0,2.37,5,1.52
0,5,7,4.75,4,4.0
72,1,3,3.8,7,2.8
22,1,1,1.31,4,1.0
29,3,2,3.2,6,2.55
59,5,1,1.02,3,1.0
15,2,7,1.45,2,1.22
15,4,1,1.29,5,1.0
55,4,1,2.12,7,1.35
77,3,5,2.29,5,2.13
38,1,0,3.56,5,2.56
12,5,2,2.43,1,1.87
24,1,6,3.01,6,2.01
73,2,3,3.5,4,2.63
19,2,1,3.86,4,3.26
52,4,10,4.1,2,3.0
11,2,1,4.3,7,3.74
74,1,0,2.27,7,1.27
92,2,1,2.1,6,1.14
80,2,7,1.02,5,1.0
43,1,10,4.31,3,3.0
18,1,10,4.47,4,3.47
99,2,2,2.74,1,1.74
69,4,2,1.36,2,1.0
86,2,0,4.72,1,2.0
54,2,6,2.02,3,1.71
12,5,0,2.11,3,1.55
16,4,8,2.19,5,2.36
83,3,2,3.58,2,2.66
16,5,5,4.83,4,4.0
40,3,1,3.54,3,2.84
70,1,1,3.21,4,2.21
30,2,8,3.63,3,3.0
53,1,3,3.71,5,2.71
33,1,7,4.72,4,3.72
17,3,5,3.58,5,3.55
27,1,3,1.34,3,1.0
98,5,8,4.29,6,4.5
9,5,4,3.75,5,4.0
36,2,5,3.84,6,3.57
9,3,8,3.94,6,3.93
16,4,5,2.07,5,2.23
42,1,3,1.17,2,1.0
64,4,6,4.1,7,4.17
80,4,9,4.43,6,4.9
52,2,10,2.53,1,2.0
33,5,5,2.74,5,3.08
24,1,6,3.07,4,2.07
56,4,10,3.65,5,4.0
6,4,2,1.09,3,1.0
7,1,6,4.12,5,3.12
85,3,3,4.6,5,3.67
28,2,1,2.94,7,2.3
86,4,9,3.33,1,2.0
4,4,1,3.58,4,3.06
21,1,0,1.9,4,1.0
70,2,8,3.49,2,3.0
44,3,10,4.93,4,4.0
94,4,10,2.04,1,2.0
46,4,5,2.16,4,2.27
56,1,1,3.76,2,2.76
4,4,3,1.92,6,1.4
32,2,5,3.12,7,2.85
95,5,9,3.72,5,4.0
5,2,9,1.72,7,1.51
93,3,5,2.78,4,2.6
32,1,10,4.17,3,3.0
94,4,5,1.44,4,1.45
98,4,7,3.85,2,3.0
61,1,10,2.84,2,1.84
18,2,9,1.06,4,1.0
28,3,1,3.79,3,3.0
79,2,1,4.03,5,3.13
7,4,0,2.83,1,2.0
58,4,7,4.05,5,4.0
85,4,8,4.34,4,4.0
100,4,9,4.22,5,4.0
87,2,7,4.39,3,3.0
21,5,10,1.12,3,1.5
12,5,9,4.61,6,5.0
26,2,2,2.98,1,2.0
92,1,2,2.57,5,1.57
93,3,2,4.8,3,3.0
89,1,1,4.97,5,3.97
83,5,10,2.66,1,2.0
0,2,9,4.67,4,4.0
86,2,10,1.88,1,1.51
4,2,0,1.7,2,1.18
40,5,3,3.33,3,2.63
55,3,4,3.07,2,2.96
18,5,6,4.58,7,4.94
25,5,4,4.05,7,4.4
83,2,3,1.82,1,1.0
18,4,8,2.46,2,2.62
14,3,4,2.84,7,2.81
23,3,7,1.19,4,1.14
97,5,7,2.41,4,2.62
66,2,8,2.85,5,2.52
22,5,4,2.57,5,2.92
61,1,8,3.36,4,2.36
53,5,8,4.89,7,5.0
37,5,3,1.92,3,1.24
85,4,5,3.93,4,3.96
40,5,6,3.44,6,3.76
61,5,8,2.01,3,2.29
77,1,10,5.0,4,4.0
38,5,5,3.36,1,2.0
15,3,6,3.18,2,3.0
31,3,1,4.12,1,2.0
80,3,9,2.93,1,2.0
67,4,8,1.52,5,1.59
64,1,2,2.48,1,1.48
87,2,7,1.72,7,1.35
69,1,6,1.5,5,1.0
56,1,1,4.23,5,3.23
72,5,5,2.34,4,2.6
2,1,0,3.91,7,2.91
54,1,0,2.52,7,1.52
99,4,1,1.06,3,1.0
34,2,0,4.88,5,4.0
3,3,2,3.82,1,2.0
48,3,4,3.02,3,2.92
79,5,2,4.81,3,3.0
42,2,8,1.63,4,1.35
43,2,7,4.27,1,2.0
100,3,1,4.33,3,3.0
50,2,3,3.7,4,2.95
96,1,4,2.23,3,1.23
11,1,5,2.34,1,1.34
27,5,5,1.99,1,2.0
61,2,8,3.74,5,3.42
65,4,0,3.57,6,2.74
6,3,5,3.4,4,3.39
28,2,9,4.66,2,3.0
61,5,9,1.72,6,2.19
57,5,8,3.95,2,3.0
83,1,0,2.39,4,1.39
70,3,2,1.82,1,1.0
34,2,7,3.63,6,3.36
25,3,6,1.31,5,1.26
19,3,8,1.37,4,1.33
18,4,2,3.59,6,3.0
52,2,5,4.86,7,4.56
26,2,8,3.83,6,3.57
58,4,10,3.39,5,3.83
67,1,2,1.42,2,1.0
52,3,5,4.76,5,4.0
21,4,1,2.49,5,1.89
27,1,0,2.54,7,1.54
48,1,3,4.76,2,3.0
35,1,9,3.96,6,2.96
47,1,9,1.03,6,1.0
49,3,3,3.99,7,3.25
24,4,3,2.74,1,2.0
26,2,2,3.36,1,2.0
42,1,8,1.97,4,1.0
39,1,4,4.51,4,3.51
46,1,8,1.06,3,1.0
47,2,7,2.42,2,2.13
66,2,0,3.69,2,2.86
93,2,1,4.22,3,3.0
35,3,7,1.8,2,1.73
64,3,7,1.27,2,1.15
80,1,5,4.2,7,3.2
59,4,0,4.58,1,2.0
81,3,4,2.65,2,2.48
59,2,7,2.77,4,2.45
36,4,1,4.3,6,3.62
10,2,8,1.8,6,1.58
6,5,10,2.96,4,3.38
91,1,6,3.85,6,2.85
0,5,4,4.15,4,4.0
20,2,6,3.88,7,3.64
83,3,2,4.22,1,2.0
67,4,10,3.06,7,3.56
24,5,9,4.31,1,2.0
54,5,3,3.53,1,2.0
57,1,0,1.41,1,1.0
5,3,2,2.4,1,1.87
4,2,6,4.35,7,4.14
79,3,8,1.05,1,1.0
28,5,6,1.72,6,2.06
22,5,0,3.96,5,3.35
65,5,5,4.16,6,4.43
21,1,0,2.66,2,1.66
77,2,9,3.54,3,3.0
35,2,8,1.85,3,1.58
77,3,5,1.88,4,1.72
23,3,8,2.66,6,2.62
96,3,2,3.79,7,2.81
64,5,1,2.31,5,1.49
0,2,0,2.98,5,2.48
28,2,0,1.83,5,1.19
25,1,2,1.82,1,1.0
52,1,0,3.45,3,2.45
24,3,2,3.24,5,2.62
31,2,8,3.93,1,2.0
55,1,8,4.5,1,2.0
50,1,6,2.81,3,1.81
18,2,8,4.53,3,3.0
10,5,8,4.21,3,3.0
47,2,7,4.51,4,4.0
56,4,3,3.59,5,2.81
81,2,5,2.73,5,2.37
92,3,2,1.28,6,1.0
63,3,6,2.48,3,2.35
59,4,10,3.63,3,3.0
95,3,10,4.33,1,2.0
8,4,1,4.09,7,3.55
47,1,3,4.07,2,3.0
57,5,6,3.71,4,4.0
80,3,4,1.83,4,1.67
28,3,6,3.65,7,3.59
91,5,9,4.63,7,5.0
94,3,4,3.62,4,3.43
100,5,5,4.03,4,4.0
41,5,10,2.08,3,2.47
56,5,10,4.45,6,4.92
75,2,10,1.75,1,1.4
89,2,1,2.53,2,1.59
22,2,0,2.09,6,1.48
66,3,0,3.11,4,2.28
20,2,10,3.38,6,3.14
73,5,3,2.85,7,1.98
69,4,9,3.8,4,4.0
32,4,7,1.12,7,1.26
21,5,4,4.55,7,4.91
4,4,7,4.43,6,4.62
88,3,7,2.3,5,2.13
70,5,5,1.38,3,1.64
96,5,5,1.38,4,1.59
11,3,10,4.23,2,3.0
66,5,10,1.97,7,2.47
15,5,0,4.84,3,3.0
58,5,2,2.62,6,1.83
47,5,2,1.06,7,1.0
77,2,0,4.05,7,3.16
78,3,9,3.25,5,3.1
84,5,9,2.56,4,2.98
60,5,2,2.77,2,1.97
60,3,8,1.92,3,1.8
86,3,1,2.37,5,1.44
62,3,4,4.98,4,4.0
49,4,5,4.22,4,4.0
37,1,10,4.8,5,3.8
17,3,6,4.45,7,4.42
74,5,4,1.22,3,1.47
88,1,5,2.1,3,1.1
64,4,0,1.72,4,1.0
21,2,0,4.35,6,3.74
49,4,1,4.12,7,3.37
58,3,7,4.21,6,4.1
37,3,7,4.81,5,4.0
76,2,4,4.34,2,3.0
35,2,10,3.37,3,3.0
21,4,7,1.27,2,1.42
29,1,3,4.52,6,3.52
61,3,6,3.01,3,2.88
55,3,4,4.2,7,4.09
72,3,2,1.12,2,1.0
80,1,7,4.76,5,3.76
93,4,6,2.74,4,2.76
48,1,9,4.75,3,3.0
10,2,1,2.66,2,2.11
33,3,3,1.22,2,1.0
31,4,4,3.12,5,3.26
39,4,7,1.62,3,1.74
63,5,7,1.52,7,1.79
27,1,3,3.7,4,2.7
100,2,5,4.59,2,3.0
63,2,6,3.83,6,3.5
95,5,5,4.12,6,4.33
23,3,6,1.33,7,1.28
94,2,8,3.86,5,3.47
55,2,8,1.76,1,1.45
47,2,2,4.97,1,2.0
14,2,6,4.36,1,2.0
31,1,7,2.49,3,1.49
84,2,8,2.97,4,2.6
37,3,6,1.47,2,1.39
15,4,10,4.05,6,4.52
12,5,0,4.27,6,3.71
82,5,8,3.05,6,3.29
94,4,6,4.73,5,4.0
31,3,5,1.53,4,1.46
52,3,2,1.73,2,1.0
79,5,5,4.88,6,5.0
56,3,9,2.47,3,2.36
75,1,10,4.38,7,3.38
68,4,8,1.1,7,1.16
84,2,3,2.0,6,1.08
3,5,9,4.17,4,4.0
76,1,5,2.06,1,1.06
14,5,0,2.18,2,1.61
90,5,6,2.17,3,2.39
89,3,6,1.03,4,1.0
88,5,6,2.95,2,3.0
16,5,1,2.59,6,2.01
81,5,10,1.12,5,1.56
54,1,7,1.91,7,1.0
72,4,9,4.09,5,4.0
86,4,0,4.41,1,2.0
53,1,2,4.01,1,2.0
31,4,0,4.09,1,2.0
56,3,0,3.44,2,2.66
61,3,10,3.27,7,3.15
16,1,9,3.71,5,2.71
39,2,5,1.08,3,1.0
53,1,0,1.94,3,1.0
87,1,4,4.85,7,3.85
82,4,10,3.45,3,3.0
55,4,1,3.48,5,2.7
67,2,0,2.13,2,1.29
12,4,9,3.86,1,2.0
99,4,2,2.25,3,1.25
55,3,0,1.36,1,1.0
62,4,7,4.76,2,3.0
3,4,10,1.37,4,1.78
30,5,8,4.65,3,3.0
23,2,8,4.0,2,3.0
82,3,7,4.27,2,3.0
26,1,2,1.85,5,1.0
43,2,1,4.42,2,3.0
83,4,6,2.18,7,2.21
0,1,1,1.74,2,1.0
20,1,3,4.32,6,3.32
84,5,0,1.47,5,1.0
14,2,9,1.55,7,1.32
45,1,4,3.33,2,2.33
4,1,10,2.38,7,1.38
86,4,10,4.73,4,4.0
98,3,7,2.6,1,2.0
51,1,7,4.31,5,3.31
63,5,9,3.31,7,3.81
36,3,5,1.86,1,1.79
58,2,0,3.8,3,3.0
29,3,6,1.69,3,1.63
71,5,5,2.69,6,2.95
72,2,4,1.96,2,1.62
30,4,8,3.77,7,3.91
21,5,0,2.01,7,1.41
53,2,4,3.98,6,3.67
37,3,7,1.63,1,1.56
16,2,0,4.34,6,3.76
44,3,7,4.23,6,4.15
26,5,0,2.1,3,1.47
59,5,5,1.31,7,1.59
88,2,9,4.75,2,3.0
19,3,1,4.88,1,2.0
13,5,6,2.67,7,3.04
14,3,10,1.18,3,1.15
80,3,2,1.93,3,1.03
31,2,7,2.28,5,2.02
16,3,1,1.42,4,1.0
12,2,4,1.28,7,1.06
67,3,3,2.68,4,1.84
95,5,1,3.23,6,2.25
7,3,8,2.25,2,2.24
7,4,2,2.52,5,1.98
56,3,9,2.26,2,2.15
68,5,6,3.93,3,3.0
44,5,5,4.77,5,4.0
3,5,6,3.0,2,3.0
17,2,8,2.23,4,2.0
5,3,2,4.31,3,3.0
16,4,3,1.94,3,1.36
4,3,5,1.53,6,1.52
10,5,10,4.12,1,2.0
59,4,6,2.84,2,2.92
72,2,2,4.55,5,3.69
46,4,6,2.67,4,2.78
97,5,7,2.67,1,2.0
73,2,8,3.76,6,3.42
40,1,2,3.41,2,2.41
9,3,10,1.09,5,1.08
85,5,6,1.54,6,1.77
63,2,8,2.68,6,2.35
74,1,2,2.57,5,1.57
58,2,5,4.13,3,3.0
46,2,3,4.9,2,3.0
89,3,10,3.84,7,3.66
71,4,10,4.22,5,4.0
80,4,4,1.35,2,1.39
79,4,5,2.35,4,2.39
100,2,6,1.21,4,1.0
36,5,2,2.94,7,2.26
45,4,2,1.87,5,1.14
63,5,10,4.64,5,4.0
19,1,5,2.39,2,1.39
21,2,4,4.31,6,4.07
44,3,6,4.21,3,3.0
61,5,3,4.54,4,3.74
35,1,6,1.44,6,1.0
69,4,8,1.56,4,1.63
49,2,4,1.63,6,1.33
74,5,5,3.69,5,3.94
43,2,9,2.78,7,2.49
6,4,2,1.68,7,1.15
34,1,4,4.46,3,3.0
94,5,1,2.74,2,1.77
1,2,7,3.26,6,3.05
38,5,10,2.12,3,2.5
84,4,6,1.06,2,1.1
11,1,0,2.97,1,1.97
46,4,4,4.06,2,3.0
23,4,2,1.5,2,1.0
42,3,2,2.3,2,1.59
26,1,5,3.41,2,2.41
59,4,5,1.57,5,1.66
9,4,9,1.93,5,2.38
41,5,5,1.52,6,1.84
56,4,1,1.18,1,1.0
79,2,9,3.38,4,3.02
39,1,9,1.05,1,1.0
97,4,6,3.53,1,2.0
50,4,3,1.7,3,1.0
1,1,1,1.2,4,1.0
100,4,3,3.26,5,2.26
9,5,1,1.51,2,1.0
57,4,5,1.57,4,1.66
44,4,5,3.1,5,3.21
99,1,0,4.35,4,3.35
17,3,6,1.0,3,1.0
15,3,4,3.65,3,3.0
77,4,0,3.66,6,2.78
60,4,0,4.33,7,3.53
43,2,4,1.41,4,1.13
86,3,10,1.0,7,1.0
98,1,2,1.59,6,1.0
86,5,10,4.29,5,4.0
72,5,5,4.25,7,4.51
21,2,4,2.55,1,2.0
71,1,3,1.55,3,1.0
38,3,5,4.49,3,3.0
19,3,0,2.28,5,1.69
0,1,1,3.69,6,2.69
7,5,2,2.46,4,1.92
34,5,10,1.48,4,1.89
19,1,6,4.49,6,3.49
18,3,10,1.75,4,1.71
56,4,3,2.97,5,2.19
85,3,2,1.9,2,1.0
89,3,9,2.19,5,2.01
27,1,3,3.61,7,2.61
50,4,6,1.93,2,2.03
41,3,10,1.17,3,1.08
18,4,5,3.61,4,3.78
64,3,7,3.18,4,3.05
46,3,6,2.86,1,2.0
11,2,5,3.23,3,3.0
50,5,4,1.08,1,1.38
12,1,5,2.21,4,1.21
3,3,0,3.7,2,3.0
10,4,5,3.2,5,3.38
22,2,10,4.88,2,3.0
24,5,2,1.31,6,1.0
77,3,0,1.43,6,1.0
29,4,7,4.94,6,5.0
46,5,5,3.59,6,3.9
63,1,9,3.92,1,2.0
81,1,8,1.72,1,1.0
6,5,1,2.61,4,2.08
32,1,4,3.7,4,2.7
16,4,10,3.79,4,4.0
0,2,8,1.39,5,1.19
23,3,3,3.16,3,2.55
42,3,8,2.59,4,2.5
28,3,10,2.73,4,2.68
36,1,6,4.76,2,3.0
47,1,3,1.8,6,1.0
74,2,3,4.13,5,3.26
70,5,0,2.29,2,1.44
86,2,5,3.89,6,3.52
18,5,1,3.32,5,2.73
29,1,9,2.93,5,1.93
11,3,6,4.93,5,4.0
75,5,0,3.27,5,2.39
14,2,3,1.1,4,1.0
53,2,2,1.76,2,1.0
37,5,9,2.77,3,3.0
94,2,10,4.31,2,3.0
67,1,1,4.2,6,3.2
65,4,5,2.86,7,2.93
56,5,6,1.99,7,2.28
13,4,2,3.5,1,2.0
57,5,5,1.24,7,1.52
68,2,4,3.09,2,2.76
38,2,6,2.77,7,2.49
2,3,9,1.81,7,1.81
34,4,5,3.05,3,3.0
66,2,3,2.9,3,2.07
84,3,7,3.3,5,3.13
66,1,4,1.19,7,1.0
70,2,8,4.61,1,2.0
100,4,0,2.32,6,1.32
71,1,8,4.75,1,2.0
80,4,9,4.03,6,4.5
40,4,8,1.24,6,1.36
68,3,8,1.57,5,1.43
42,4,1,3.69,7,2.98
56,4,2,2.32,7,1.54
8,4,0,1.09,1,1.0
97,3,9,3.4,7,3.2
93,5,4,1.39,6,1.6
81,2,1,3.35,5,2.45
46,4,1,3.51,7,2.78
74,3,2,2.3,2,1.43
13,5,7,2.6,3,2.97
42,3,1,4.24,4,3.53
91,4,10,2.49,4,2.9
51,5,0,4.83,3,3.0
97,3,7,3.19,5,3.0
86,4,5,1.24,4,1.26
34,4,7,1.63,7,1.77
85,5,9,4.63,1,2.0
64,3,6,2.94,7,2.81
95,5,10,2.4,7,2.9
96,5,8,1.8,3,2.0
44,4,1,1.28,7,1.0
39,3,9,2.89,4,2.81
90,3,8,3.98,1,2.0
30,5,9,3.05,5,3.5
76,1,6,2.27,6,1.27
91,1,8,1.73,2,1.0
40,3,8,1.97,6,1.89
44,3,1,4.77,7,4.05
98,1,7,1.12,1,1.0
87,5,2,4.59,4,3.65
24,5,0,4.45,3,3.0
97,1,1,3.51,7,2.51
82,1,5,4.65,1,2.0
41,3,0,2.08,4,1.37
54,2,1,2.74,5,1.97
5,5,9,1.27,1,1.6
47,3,6,3.89,2,3.0
29,1,3,3.32,4,2.32
72,4,7,3.68,1,2.0
25,4,0,1.08,3,1.0
51,5,6,3.65,7,3.95
17,2,3,4.99,2,3.0
60,1,7,3.55,7,2.55
8,5,10,1.88,5,2.33
41,5,3,3.0,4,2.3
36,2,7,1.16,7,1.0
1,4,6,3.48,7,3.68
84,5,9,4.13,7,4.63
94,1,1,2.31,7,1.31
80,5,1,4.86,2,3.0
91,2,6,3.02,2,2.64
98,2,10,3.58,5,3.18
82,3,2,3.09,6,2.18
15,1,3,4.18,4,3.18
54,3,6,1.57,3,1.46
99,3,0,1.25,7,1.0
50,2,3,2.94,1,2.0
62,5,6,4.43,2,3.0
35,1,5,3.76,7,2.76
5,5,8,1.22,6,1.61
23,3,9,1.97,6,1.93
97,4,2,1.71,5,1.0
77,3,9,1.34,6,1.18
55,3,7,4.49,6,4.38
58,1,0,3.39,6,2.39
67,3,10,3.55,5,3.42
6,3,0,2.9,6,2.37
70,4,6,1.67,3,1.73
41,5,0,1.76,4,1.05
36,1,10,3.42,3,2.42
47,5,2,3.84,6,3.1
98,4,0,2.22,4,1.23
22,2,1,2.23,2,1.62
78,3,1,3.53,7,2.64
2,5,8,1.53,5,1.93
31,4,0,1.89,2,1.23
61,4,8,1.69,2,1.76
70,5,6,3.02,5,3.28
24,3,5,2.9,5,2.85
77,1,7,3.12,4,2.12
84,5,4,4.27,5,4.0
15,2,9,3.69,3,3.0
16,2,6,4.01,5,3.78
38,2,5,2.25,1,1.97
68,5,3,1.01,3,1.0
36,1,4,4.45,2,3.0
8,3,3,3.05,6,2.51
21,2,6,4.01,3,3.0
96,2,6,4.72,1,2.0
0,4,3,1.97,3,1.47
42,3,0,3.87,1,2.0
54,4,5,1.43,2,1.52
86,2,9,2.1,1,1.73
12,2,5,2.36,5,2.14
42,5,9,4.51,2,3.0
22,3,9,3.14,4,3.1
66,2,9,3.25,6,2.92
85,2,0,4.55,1,2.0
51,2,10,2.07,2,1.77
77,1,10,2.3,2,1.3
50,3,5,2.35,3,2.25
37,1,5,1.96,7,1.0
70,3,5,3.22,7,3.08
59,3,5,4.91,6,4.79
28,3,8,3.15,1,2.0
30,2,6,4.98,6,4.72
13,1,7,1.49,7,1.0
18,1,1,4.64,5,3.64
0,4,4,3.18,5,3.38
64,3,0,1.99,5,1.17
15,4,10,4.42,2,3.0
79,4,0,4.35,3,3.0
16,1,10,4.55,4,3.55
52,4,1,2.51,4,1.75
77,3,1,1.67,5,1.0
80,5,5,3.62,1,2.0
83,1,5,1.47,2,1.0
69,3,1,1.88,1,1.04
22,2,6,2.04,3,1.8
25,1,3,1.72,3,1.0
56,5,1,4.05,1,2.0
79,5,9,4.07,3,3.0
86,5,1,2.8,1,1.87
22,3,9,3.5,2,3.0
42,1,0,3.25,4,2.25
95,2,6,4.3,6,3.91
99,5,0,2.7,3,1.71
62,2,2,3.57,1,2.0
31,3,0,1.77,3,1.12
57,2,3,3.07,5,2.28
14,1,6,2.65,7,1.65
89,1,10,1.22,5,1.0
47,3,4,2.55,5,2.45
87,1,0,1.93,1,1.0
1,1,7,2.23,1,1.23
16,5,1,4.86,2,3.0
74,5,4,2.78,5,3.03
23,2,0,1.78,4,1.17
100,5,1,1.81,6,1.0
48,5,3,4.81,4,4.0
46,3,8,2.26,3,2.16
14,4,4,4.49,2,3.0
51,2,8,3.77,6,3.46
91,1,1,4.32,3,3.0
65,1,9,3.21,4,2.21
32,4,0,2.25,3,1.59
48,2,2,4.94,4,4.0
6,4,7,4.38,6,4.57
0,1,8,2.61,2,1.61
71,5,6,2.43,4,2.69
79,1,10,1.45,6,1.0
70,1,9,1.11,4,1.0
62,3,3,3.13,2,2.32
74,2,0,4.59,4,3.72
32,5,7,3.72,4,4.0
25,5,3,1.22,2,1.0
72,5,6,2.55,4,2.81
1,4,3,3.91,3,3.0
54,4,7,4.08,4,4.0
77,3,1,4.75,6,3.86
5,5,3,1.48,4,1.0
51,3,5,3.39,3,3.0
70,3,5,1.83,5,1.69
100,3,4,1.73,3,1.53
68,5,4,1.48,3,1.74
92,1,9,1.17,5,1.0
10,2,7,3.95,7,3.73
13,2,5,3.11,6,2.88
33,1,9,3.9,1,2.0
66,3,0,3.26,4,2.43
41,5,1,2.52,6,1.81
3,2,4,1.5,4,1.29
80,2,1,1.74,5,1.0
50,3,8,3.41,1,2.0
1,2,10,1.55,4,1.34
9,5,3,2.03,4,1.48
92,2,5,4.0,6,3.62
20,4,1,1.28,4,1.0
87,1,0,3.9,6,2.9
60,4,5,2.35,7,2.43
61,2,5,3.21,2,2.89
37,3,9,3.69,5,3.62
69,5,8,1.95,1,2.0
58,2,7,4.0,4,3.68
95,4,9,1.78,6,2.25
51,2,9,3.31,3,3.0
22,2,8,1.21,6,1.0
86,5,6,2.75,5,2.98
1,2,0,2.57,4,2.07
34,3,1,2.38,2,1.71
87,5,4,1.4,4,1.62
48,3,1,4.88,4,4.0
32,5,7,3.07,2,3.0
18,2,4,2.16,2,1.92
22,3,5,1.68,4,1.64
23,2,4,1.45,2,1.21
56,5,9,3.19,5,3.63
82,5,2,4.41,3,3.0
57,2,1,1.06,4,1.0
81,5,4,3.41,2,3.0
100,2,9,3.3,7,2.9
39,4,8,2.63,5,2.75
12,5,10,4.6,5,4.0
40,5,1,4.38,7,3.68
6,4,2,2.2,4,1.67
84,1,3,1.9,2,1.0
60,5,6,2.3,5,2.58
90,5,6,4.81,6,5.0
60,4,7,3.26,5,3.34
24,4,9,4.27,1,2.0
91,1,4,4.65,6,3.65
27,3,4,4.91,2,3.0
76,2,9,2.45,2,2.1
37,4,4,2.33,1,2.0
71,5,2,1.82,1,1.0
14,5,2,1.97,2,1.4
11,4,1,1.19,4,1.0
24,4,1,4.21,3,3.0
8,5,4,1.72,3,2.11
62,1,6,2.1,6,1.1
3,5,8,1.53,2,1.93
78,4,9,4.7,4,4.0
68,2,9,2.48,2,2.14
16,3,10,4.46,6,4.43
41,2,0,2.36,7,1.65
21,4,0,2.13,4,1.52
70,2,0,3.77,7,2.92
94,3,10,3.01,1,2.0
89,1,10,2.83,6,1.83
29,4,2,3.79,6,3.14
48,4,6,1.12,4,1.23
94,4,9,4.31,5,4.0
83,4,4,2.61,1,2.0
36,5,2,2.22,2,1.54
77,4,3,3.86,3,2.98
43,1,4,2.33,2,1.33
65,5,6,4.95,2,3.0
40,5,6,4.56,2,3.0
9,3,2,3.09,1,2.0
91,1,6,3.54,6,2.54
84,1,8,1.19,2,1.0
56,4,7,2.71,7,2.8
18,4,1,1.04,6,1.0
96,5,10,3.14,2,3.0
9,1,0,4.14,3,3.0
20,4,7,4.72,4,4.0
19,1,4,1.57,2,1.0
46,1,2,2.62,1,1.62
2,2,4,2.57,3,2.37
24,5,5,1.26,4,1.61
51,4,1,2.21,7,1.46
86,3,4,3.28,7,3.11
72,1,1,4.75,7,3.75
62,2,9,4.77,1,2.0
16,3,1,2.8,4,2.22
18,1,4,4.98,5,3.98
70,1,6,2.62,5,1.62
3,1,4,1.23,4,1.0
87,5,8,2.09,6,2.31
68,2,9,4.96,4,4.0
81,1,7,4.27,7,3.27
80,1,8,4.13,4,3.13
34,3,2,2.35,4,1.68
64,5,0,4.0,2,3.0
46,3,10,1.74,7,1.65
85,2,10,3.83,3,3.0
38,1,1,4.47,6,3.47
94,2,6,2.56,4,2.17
37,3,8,4.47,6,4.39
71,3,2,3.2,6,2.35
91,4,6,4.87,1,2.0
27,4,1,3.1,6,2.47
30,4,5,1.43,7,1.57
87,1,0,3.99,7,2.99
11,2,4,3.84,2,3.0
11,2,1,2.78,6,2.22
16,4,6,3.73,7,3.89
33,2,5,4.95,3,3.0
33,4,5,4.38,2,3.0
31,3,2,1.54,2,1.0
50,3,0,3.48,2,2.73
3,2,6,3.86,4,3.66
5,3,4,3.89,1,2.0
90,5,2,1.56,6,1.0
3,3,2,4.2,1,2.0
100,3,7,3.02,5,2.82
67,5,10,3.58,4,3.99
98,1,8,4.97,5,3.97
51,2,3,1.7,3,1.0
89,3,6,4.45,4,4.0
57,4,7,4.64,7,4.72
38,5,8,1.42,5,1.74
11,5,7,2.83,1,2.0
39,5,2,2.9,5,2.2
89,3,6,1.7,2,1.52
33,3,7,1.11,5,1.04
70,5,1,4.72,7,3.87
31,4,8,1.21,1,1.35
11,1,10,1.65,7,1.0
90,2,5,3.51,7,3.13
92,5,0,3.59,6,2.63
4,2,5,1.34,5,1.13
93,3,9,2.06,3,1.87
47,4,1,1.88,6,1.15
34,2,1,3.11,1,2.0
79,3,4,3.6,5,3.44
44,4,7,3.57,6,3.68
57,5,10,1.88,7,2.38
41,5,10,2.54,7,3.04
91,2,4,4.34,2,3.0
47,3,8,4.73,6,4.64
50,4,2,4.16,5,3.41
10,1,5,3.79,3,2.79
96,5,6,4.9,6,5.0
65,3,3,4.29,2,3.0
64,3,2,3.6,7,2.78
0,1,10,2.76,3,1.76
62,3,1,4.31,4,3.5
63,2,4,4.43,2,3.0
59,5,9,2.1,4,2.51
84,1,5,4.66,3,3.0
73,5,9,3.73,5,4.0
89,4,9,2.26,6,2.73
14,3,0,1.05,3,1.0
51,5,7,4.93,3,3.0
20,2,5,3.95,2,3.0
57,3,5,4.36,3,3.0
71,1,4,3.69,6,2.69
20,3,5,4.28,4,4.0
7,2,1,2.37,1,1.83
14,2,9,3.33,4,3.1
83,5,5,2.6,7,2.84
22,1,7,1.5,6,1.0
27,5,0,3.17,1,2.0
90,5,9,2.76,1,2.0
42,4,7,3.97,5,4.0
41,2,3,2.14,2,1.43
45,2,8,4.04,3,3.0
0,2,9,1.74,6,1.54
66,5,9,3.47,2,3.0
57,2,1,4.34,4,3.55
21,5,3,4.4,4,3.8
64,1,0,2.73,5,1.73
93,1,2,3.85,3,2.85
87,4,9,2.93,7,3.43
73,3,7,3.0,3,2.86
80,3,5,4.58,7,4.42
97,3,0,4.02,3,3.0
67,3,4,2.62,2,2.49
74,2,1,2.18,2,1.31
49,3,6,4.66,7,4.56
48,2,0,1.41,7,1.0
1,1,6,1.89,4,1.0
35,4,0,2.88,3,2.2
29,4,8,3.3,2,3.0
82,1,4,1.57,6,1.0
87,3,3,4.36,4,3.43
35,4,3,1.95,2,1.27
49,1,1,3.15,5,2.15
99,4,6,1.07,5,1.07
53,2,4,2.72,4,2.42
30,3,8,2.7,1,2.0
100,2,3,1.03,6,1.0
58,1,2,1.91,2,1.0
50,4,1,1.43,3,1.0
100,2,3,3.52,7,2.52
13,4,2,3.29,2,2.73
31,2,10,1.7,5,1.44
8,1,0,2.9,2,1.9
8,1,1,3.88,7,2.88
5,2,3,3.51,1,2.0
48,4,6,1.94,6,2.04
2,3,1,3.38,6,2.87
44,2,1,4.65,4,3.93
57,1,8,1.85,4,1.0
77,1,3,4.66,4,3.66
97,4,4,1.54,7,1.55
44,1,9,1.65,6,1.0
66,2,2,1.82,5,1.0
29,1,9,2.6,3,1.6
45,4,8,3.84,7,3.95
43,3,6,1.22,2,1.13
60,1,1,1.97,5,1.0
68,2,9,3.83,3,3.0
88,2,4,3.0,7,2.62
69,3,2,2.9,6,2.05
23,5,5,4.19,2,3.0
48,2,0,3.86,3,3.0
97,2,1,1.58,4,1.0
45,4,5,2.11,6,2.22
29,2,8,4.84,3,3.0
19,1,2,2.63,7,1.63
71,3,6,4.78,2,3.0
26,3,1,1.03,7,1.0
59,1,0,2.77,3,1.77
96,2,7,1.95,4,1.55
68,1,9,3.39,7,2.39
12,4,0,3.16,1,2.0
17,2,4,3.51,5,3.27
38,1,9,2.77,1,1.77
37,2,0,4.48,2,3.0
37,2,7,3.38,1,2.0
71,4,9,1.33,6,1.8
28,2,5,4.33,6,4.07
5,2,6,4.74,6,4.53
21,3,6,2.83,2,2.78
88,5,4,2.79,5,3.01
54,3,8,1.66,2,1.55
24,5,1,3.84,2,3.0
34,3,9,4.94,6,4.87
47,1,2,1.44,7,1.0
72,4,4,4.86,1,2.0
93,4,4,4.89,4,4.0
62,5,1,1.4,1,1.0
1,5,7,2.56,4,2.96
10,2,2,3.54,7,2.99
59,2,8,1.08,2,1.0
48,3,1,2.08,2,1.34
37,3,7,1.59,3,1.51
77,1,0,1.49,6,1.0
89,2,8,3.49,5,3.12
64,5,10,4.79,6,5.0
43,4,0,4.63,2,3.0
2,4,6,4.17,6,4.36
85,5,8,4.76,5,4.0
98,3,0,2.51,7,1.52
32,5,2,4.84,7,4.18
10,1,1,3.81,3,2.81
98,2,6,3.4,2,3.0
4,4,4,2.84,7,3.03
60,4,1,1.5,1,1.0
31,2,5,2.29,3,2.03
96,1,2,4.44,3,3.0
11,1,8,4.85,4,3.85
93,5,1,3.51,5,2.54
56,3,4,4.74,5,4.0
87,1,7,3.08,4,2.08
15,2,3,2.67,5,2.1
38,1,7,1.32,4,1.0
8,2,6,1.4,5,1.19
59,3,1,3.79,1,2.0
62,5,5,2.28,2,2.56
23,2,0,2.54,4,1.93
89,5,6,2.71,2,2.93
81,5,6,4.41,7,4.65
48,1,8,1.77,7,1.0
56,3,0,2.43,5,1.65
19,3,4,2.97,5,2.93
81,1,6,3.22,1,2.0
32,5,5,3.29,3,3.0
69,3,7,2.95,4,2.81
24,4,9,1.96,5,2.4
10,3,9,1.68,6,1.66
79,3,9,2.16,6,2.0
11,3,0,3.69,3,3.0
99,1,8,2.99,3,1.99
19,1,1,1.31,5,1.0
60,3,3,4.1,1,2.0
54,1,4,1.82,2,1.0
46,5,9,4.27,2,3.0
53,2,7,1.76,5,1.45
95,1,7,1.94,2,1.0
23,5,5,3.94,3,3.0
31,4,1,1.51,5,1.0
25,1,2,4.96,4,3.96
53,2,5,1.21,5,1.0
91,3,10,5.0,7,4.82
48,4,6,1.46,7,1.56
30,3,4,1.8,5,1.74
25,4,1,3.48,4,2.86
3,2,5,3.55,2,3.0
74,4,7,4.92,5,4.0
10,5,1,1.67,2,1.12
13,2,2,4.97,3,3.0
62,4,2,1.2,6,1.0
55,4,10,1.13,5,1.57
9,3,2,3.66,5,3.12
59,4,1,3.92,5,3.12
3,4,7,2.63,3,2.82
34,5,4,1.57,1,1.9
71,3,0,1.22,3,1.0
94,2,5,3.11,3,2.72
11,4,1,2.28,7,1.72
28,1,6,1.44,6,1.0
43,1,5,2.19,6,1.19
26,2,7,3.79,6,3.54
33,3,5,1.62,1,1.56
17,4,8,4.82,4,4.0
70,5,1,3.09,2,2.24
34,4,9,2.03,2,2.39
77,2,7,3.73,6,3.37
52,4,10,4.73,1,2.0
48,2,7,2.47,7,2.17
25,1,4,4.19,7,3.19
39,4,6,2.47,4,2.59
77,5,1,4.82,2,3.0
81,4,8,3.31,4,3.35
68,3,9,4.89,3,3.0
10,3,6,4.58,5,4.0
70,2,9,3.92,1,2.0
47,3,1,1.68,5,1.0
24,4,8,2.86,7,3.01
78,3,7,1.46,4,1.31
18,4,4,3.69,6,3.86
32,2,2,4.41,3,3.0
100,1,1,4.37,2,3.0
75,3,10,2.21,5,2.06
93,2,8,3.66,5,3.27
96,2,1,4.85,5,3.87
59,1,5,1.78,5,1.0
18,3,0,3.85,1,2.0
39,5,0,2.73,1,2.0
41,2,8,1.57,3,1.29
70,5,5,4.47,1,2.0
66,4,6,3.81,2,3.0
45,3,7,1.09,3,1.0
48,5,10,1.05,2,1.41
95,4,0,4.55,6,3.58
51,5,8,2.37,1,2.0
92,5,4,2.26,5,2.47
9,3,8,2.44,4,2.42
56,2,8,4.8,3,3.0
10,4,9,1.21,1,1.54
88,3,5,2.07,5,1.89
89,1,7,4.05,5,3.05
29,4,7,1.42,4,1.56
30,3,6,2.67,7,2.61
21,5,10,3.79,2,3.0
92,3,6,3.07,3,2.89
54,2,9,3.16,1,2.0
97,5,6,1.84,1,2.0
23,4,0,3.17,7,2.55
92,2,10,3.53,7,3.14
32,4,9,3.66,1,2.0
22,3,8,1.16,5,1.11
30,5,9,4.56,5,4.0
12,4,10,1.11,3,1.5
46,3,6,2.12,2,2.03
85,1,3,4.0,6,3.0
80,2,10,2.32,7,1.96
63,3,1,4.49,1,2.0
79,3,7,2.32,6,2.16
37,5,8,3.99,7,4.32
43,4,6,2.58,1,2.0
38,2,8,3.94,7,3.67
95,2,10,1.55,2,1.16
53,1,4,4.79,1,2.0
95,2,3,3.89,3,2.91
9,1,4,4.1,3,3.0
19,5,6,1.46,3,1.82
92,3,3,1.13,7,1.0
36,2,1,4.88,1,2.0
30,3,5,3.42,2,3.0
70,2,0,1.13,7,1.0
45,1,2,1.92,4,1.0
33,1,0,4.79,3,3.0
83,2,10,1.28,3,1.0
48,4,6,1.88,3,1.98
69,3,8,3.86,2,3.0
99,5,0,1.47,6,1.0
75,5,7,3.37,2,3.0
52,3,2,4.88,2,3.0
51,3,6,1.65,1,1.55
11,5,9,3.82,7,4.32
0,1,3,2.77,4,1.77
23,1,6,1.89,1,1.0
92,1,6,2.9,3,1.9
72,4,2,4.23,4,3.37
91,1,6,2.4,5,1.4
38,1,1,4.2,7,3.2
92,5,1,1.84,1,1.0
74,2,6,3.51,5,3.16
65,5,6,1.27,1,1.54
20,4,2,1.32,5,1.0
100,2,8,4.61,6,4.21
60,2,6,4.7,3,3.0
69,3,10,2.84,3,2.7
67,2,5,4.22,5,3.89
60,4,6,4.92,1,2.0
64,3,5,1.58,4,1.45
10,1,0,3.09,4,2.09
64,4,2,4.04,6,3.22
30,3,0,1.21,5,1.0
35,5,9,1.96,6,2.43
24,2,6,3.71,4,3.46
35,4,4,3.24,5,3.37
88,2,6,3.2,1,2.0
13,4,0,1.31,6,1.0
15,4,7,3.28,1,2.0
18,1,1,3.96,4,2.96
73,2,5,2.64,3,2.3
12,1,4,1.76,3,1.0
77,3,2,4.42,6,3.53
98,4,10,3.33,1,2.0
84,1,6,2.46,3,1.46
56,1,1,1.47,3,1.0
69,4,7,4.13,7,4.19
22,3,9,3.42,5,3.38
5,1,5,3.12,1,2.0
87,1,9,1.8,6,1.0
69,3,9,4.07,6,3.93
35,2,5,3.77,2,3.0
38,3,3,1.55,1,1.0
12,2,8,3.56,1,2.0
30,5,8,2.63,2,2.97
14,3,10,2.98,3,2.95
55,3,3,3.9,6,3.12
46,1,1,2.72,7,1.72
17,2,3,2.63,2,2.05
83,2,10,2.0,6,1.64
93,2,4,2.18,2,1.8
0,3,1,2.55,5,2.05
86,5,7,1.29,4,1.52
21,4,1,4.17,6,3.57
96,4,4,1.17,4,1.17
94,5,7,3.09,6,3.3
25,2,5,3.62,1,2.0
74,3,2,2.24,5,1.37
80,2,5,2.49,4,2.13
28,3,2,1.29,3,1.0
13,4,9,4.21,2,3.0
31,2,2,2.44,5,1.78
1,1,7,3.98,4,2.98
90,1,5,2.84,1,1.84
0,1,3,3.18,4,2.18
39,5,3,2.99,6,2.3
17,4,9,4.43,1,2.0
5,3,6,2.87,1,2.0
36,3,5,2.71,1,2.0
63,2,5,2.35,5,2.02
32,2,3,1.02,3,1.0
73,4,4,3.25,1,2.0
76,2,10,2.77,1,2.0
57,3,8,3.28,1,2.0
9,1,9,3.72,4,2.72
14,3,8,3.9,2,3.0
21,1,6,1.35,7,1.0
24,3,8,1.71,2,1.66
62,1,0,3.39,4,2.39
69,5,1,4.17,5,3.33
57,4,3,3.44,2,2.66
35,5,3,3.54,6,2.87
75,3,7,1.63,5,1.48
28,2,9,1.22,2,1.0
0,5,0,3.4,4,2.9
60,4,9,4.11,2,3.0
47,1,1,2.64,2,1.64
53,4,0,1.43,5,1.0
79,1,6,2.25,3,1.25
16,1,1,1.23,3,1.0
27,2,2,3.14,7,2.51
80,1,9,4.3,5,3.3
58,2,4,1.4,7,1.08
16,3,3,4.23,2,3.0
36,1,3,3.14,2,2.14
24,3,8,4.24,4,4.0
73,2,10,4.08,6,3.73
69,2,1,1.24,2,1.0
15,4,0,2.62,2,2.05
12,5,7,4.74,5,4.0
18,3,10,1.64,4,1.6
19,5,1,1.67,2,1.07
97,2,8,2.32,7,1.93
41,4,5,1.29,2,1.4
16,3,2,1.08,7,1.0
92,3,8,4.64,7,4.45
25,1,2,4.26,2,3.0
40,4,6,3.86,1,2.0
65,2,8,4.83,3,3.0
40,5,4,2.35,2,2.67
71,3,8,2.91,6,2.77
95,2,4,4.07,1,2.0
73,4,2,4.42,7,3.55
74,4,0,1.6,2,1.0
74,5,8,4.6,2,3.0
19,2,0,4.58,2,3.0
41,2,1,2.69,7,1.98
18,4,7,3.57,3,3.0
85,1,3,4.21,3,3.0
8,5,4,1.23,4,1.62
34,5,10,4.02,4,4.0
26,4,7,1.4,6,1.54
43,3,4,4.4,4,4.0
67,3,8,2.53,1,2.0
76,2,5,3.62,7,3.26
91,2,2,1.21,1,1.0
76,5,9,3.28,2,3.0
9,5,9,3.37,6,3.84
83,1,0,4.53,6,3.53
12,3,1,1.97,3,1.41
7,4,2,2.87,4,2.34
15,3,4,2.17,6,2.14
48,3,5,2.6,3,2.5
75,2,6,4.37,1,2.0
44,4,9,3.41,6,3.88
45,1,5,2.17,5,1.17
94,1,3,4.08,1,2.0
82,2,5,3.15,1,2.0
45,1,1,2.89,5,1.89
54,5,8,4.22,6,4.51
47,5,3,4.21,1,2.0
21,3,5,1.64,4,1.6
81,1,1,4.65,1,2.0
64,3,8,1.75,1,1.62
4,3,8,2.55,7,2.54
98,5,6,1.96,4,2.17
36,3,8,4.22,7,4.15
25,2,6,3.02,5,2.77
15,1,10,2.43,4,1.43
80,4,0,2.24,3,1.34
8,5,7,2.61,7,2.99
42,4,3,2.53,4,1.82
9,4,3,3.54,5,3.0
74,4,1,4.99,5,4.0
62,4,8,4.14,1,2.0
10,1,1,4.73,1,2.0
98,4,0,4.18,1,2.0
24,3,7,4.32,1,2.0
98,3,6,2.09,6,1.9
49,1,1,1.99,1,1.0
89,2,8,4.77,2,3.0
46,4,7,2.8,7,2.91
82,2,1,1.62,3,1.0
86,1,7,2.73,4,1.73
13,5,9,4.22,4,4.0
62,1,0,3.28,7,2.28
86,4,1,3.59,5,2.66
87,3,10,2.13,2,1.96
40,3,8,4.69,4,4.0
64,1,9,3.37,6,2.37
92,2,5,2.1,6,1.72
75,5,6,3.45,4,3.7
78,2,8,1.98,5,1.62
38,4,4,4.67,2,3.0
42,5,3,4.15,4,3.44
67,1,6,3.77,4,2.77
22,5,7,3.14,3,3.0
57,2,0,1.28,1,1.0
56,2,10,4.01,2,3.0
89,2,10,4.47,1,2.0
30,1,9,4.78,1,2.0
20,4,1,4.73,3,3.0
14,5,4,3.47,4,3.84
82,1,4,4.56,7,3.56
77,3,10,2.27,6,2.12
72,5,3,3.92,2,3.0
81,4,6,2.75,3,2.79
52,3,5,4.02,2,3.0
87,5,10,4.55,3,3.0
20,3,9,1.39,2,1.35
44,4,7,2.82,4,2.94
28,1,3,2.64,5,1.64
92,4,9,2.91,3,3.0
1,1,8,3.01,2,2.01
71,3,10,2.95,6,2.8
0,5,6,4.55,4,4.0
40,5,2,2.86,6,2.16
82,2,6,3.07,6,2.71
48,1,2,1.73,7,1.0
94,3,3,4.18,2,3.0
22,5,7,4.42,1,2.0
99,3,10,1.43,1,1.23
70,3,8,4.89,5,4.0
10,4,9,4.58,5,4.0
72,2,3,3.28,2,2.42
42,1,6,1.18,1,1.0
58,4,8,3.45,7,3.54
13,2,8,2.74,6,2.51
63,4,1,3.78,5,2.97
93,3,6,4.45,2,3.0
64,4,8,4.66,2,3.0
85,3,9,2.58,1,2.0
35,2,4,2.78,3,2.51
74,1,5,2.64,6,1.64
55,5,10,2.54,6,3.02
46,2,4,1.5,2,1.21
63,2,9,4.5,6,4.17
20,4,0,4.97,1,2.0
37,1,9,1.42,4,1.0
32,5,8,3.02,1,2.0
47,1,7,4.37,5,3.37
87,1,0,2.97,2,1.97
2,1,2,2.95,5,1.95
49,2,8,1.52,4,1.22
35,5,0,3.68,4,3.0
19,2,2,3.86,2,3.0
67,1,1,1.61,2,1.0
14,1,10,2.45,6,1.45
23,5,5,3.43,2,3.0
64,1,5,1.93,6,1.0
88,4,2,1.78,2,1.0
60,2,10,1.39,7,1.07
31,1,10,4.77,5,3.77
60,5,9,4.13,4,4.0
90,4,6,4.84,3,3.0
83,4,5,3.78,7,3.81
16,5,10,2.07,1,2.0
21,5,10,4.11,3,3.0
36,1,2,2.99,5,1.99
25,1,3,3.72,1,2.0
44,2,5,3.82,7,3.54
27,1,3,2.56,2,1.56
16,5,8,3.32,5,3.68
79,3,1,3.08,3,2.18
41,5,8,2.05,3,2.37
29,4,2,3.73,3,3.0
53,2,6,3.32,2,3.0
74,1,10,2.15,7,1.15
30,5,4,1.25,3,1.59
80,3,9,3.74,1,2.0
72,2,0,3.76,7,2.9
53,5,10,1.87,4,2.28
2,2,7,1.7,1,1.5
38,2,3,2.79,4,2.1
0,5,2,2.94,2,2.44
42,4,2,1.73,4,1.02
31,2,7,2.78,4,2.51
27,5,3,2.88,4,2.24
78,1,2,1.22,2,1.0
55,2,0,2.84,5,2.07
57,3,0,4.59,5,3.8
82,5,8,2.12,5,2.35
92,2,9,1.3,6,1.0
90,1,5,4.09,7,3.09
84,1,6,1.67,5,1.0
42,5,9,2.75,3,3.0
37,3,8,1.38,7,1.3
59,3,0,4.84,6,4.05
18,1,5,2.47,1,1.47
13,4,0,2.53,1,1.97
11,3,5,3.79,1,2.0
28,5,5,2.23,7,2.58
88,1,3,3.67,2,2.67
40,5,2,1.38,4,1.0
33,1,2,2.99,5,1.99
96,2,0,4.25,3,3.0
60,4,6,1.44,6,1.52
60,4,1,1.85,5,1.05
6,1,4,4.47,5,3.47
71,4,3,4.33,1,2.0
68,2,9,4.79,4,4.0
38,2,0,4.72,4,4.0
15,5,6,4.85,2,3.0
86,2,3,3.2,1,2.0
72,3,2,3.88,2,3.0
50,2,2,3.89,2,3.0
23,1,1,2.04,7,1.04
20,3,8,1.9,3,1.86
32,5,6,1.78,2,2.12
100,1,8,1.77,2,1.0
18,4,9,3.99,5,4.0
69,1,8,2.01,6,1.01
83,3,6,4.78,2,3.0
55,4,7,3.12,5,3.21
96,3,3,3.11,2,2.13
95,3,4,1.45,1,1.26
30,5,10,4.68,1,2.0
37,4,5,1.38,4,1.5
83,1,9,2.19,6,1.19
67,3,10,4.67,4,4.0
96,3,4,3.88,1,2.0
72,3,0,2.96,5,2.1
7,2,10,3.43,4,3.22
5,1,6,1.19,2,1.0
48,2,0,4.96,5,4.0
7,3,9,4.99,5,4.0
54,3,1,4.15,7,3.38
32,2,8,4.39,7,4.13
79,1,6,3.41,5,2.41
62,1,5,2.89,4,1.89
28,4,0,4.71,3,3.0
88,5,7,3.71,4,3.93
40,3,2,2.39,6,1.69
49,4,8,2.76,2,2.86
28,3,3,1.16,2,1.0
45,3,4,3.67,7,3.58
93,2,6,3.23,2,2.84
88,5,8,2.75,5,2.98
60,1,6,1.48,1,1.0
72,4,1,4.12,2,3.0
85,3,7,4.01,1,2.0
11,4,4,3.68,5,3.86
40,3,6,3.9,7,3.82
68,5,0,2.27,6,1.43
88,3,4,3.77,5,3.6
78,5,7,3.11,4,3.36
25,2,0,4.86,5,4.0
0,3,2,3.12,3,2.62
14,3,6,2.09,3,2.06
59,1,9,3.95,7,2.95
18,3,3,3.33,1,2.0
40,3,2,4.38,4,3.68
96,4,0,1.4,6,1.0
90,4,6,1.12,7,1.14
53,4,2,1.06,1,1.0
52,5,6,1.95,6,2.24
73,5,6,1.89,2,2.15
65,5,2,3.22,3,2.39
0,5,1,1.56,7,1.06
74,1,6,2.85,4,1.85
7,4,10,1.0,2,1.36
1,5,4,3.07,3,3.0
27,4,4,1.53,7,1.68
50,2,8,2.78,4,2.48
60,2,9,3.65,1,2.0
75,1,3,1.51,4,1.0
37,1,9,3.99,6,2.99
88,5,1,4.57,4,3.63
79,5,6,4.74,5,4.0
56,1,1,2.13,7,1.13
56,5,6,3.02,5,3.3
21,1,4,2.34,7,1.34
73,3,4,4.21,3,3.0
44,5,9,2.82,4,3.24
24,4,7,2.17,7,2.33
82,5,4,3.33,3,3.0
59,1,3,3.41,3,2.41
51,1,2,1.59,6,1.0
54,1,6,2.05,7,1.05
23,5,8,3.68,7,4.04
75,5,4,4.96,4,4.0
29,2,10,1.08,1,1.0
59,2,0,2.84,7,2.04
100,3,1,4.76,5,3.76
62,2,0,3.16,7,2.35
53,5,2,4.43,3,3.0
10,5,8,2.57,4,2.95
94,4,5,4.51,7,4.52
46,1,2,3.42,6,2.42
63,1,8,3.27,2,2.27
12,3,10,2.86,7,2.83
76,3,5,2.98,7,2.82
44,4,8,2.21,1,2.0
6,4,7,3.05,5,3.24
65,2,6,1.93,1,1.6
94,2,7,3.51,6,3.12
91,4,9,2.72,4,3.13
72,2,7,4.11,7,3.76
40,3,0,3.14,6,2.44
92,2,3,1.9,1,1.0
5,2,10,1.38,4,1.17
98,5,5,3.93,7,4.13
17,5,0,3.01,7,2.43
34,4,5,2.93,7,3.06
8,4,4,4.54,2,3.0
96,3,2,2.08,5,1.1
43,1,2,2.24,1,1.24
86,4,10,3.68,3,3.0
66,1,6,1.01,1,1.0
28,2,6,2.89,5,2.64
96,4,5,1.32,3,1.33
80,4,2,4.41,3,3.0
39,1,3,4.29,5,3.29
86,5,7,1.15,1,1.38
54,3,5,4.56,7,4.45
9,1,8,1.66,1,1.0
55,4,9,4.73,5,4.0
1,4,2,1.25,7,1.0
37,3,5,3.12,2,3.0
94,4,6,1.6,2,1.61
61,4,7,1.52,4,1.59
92,4,4,1.1,6,1.12
29,5,9,4.74,5,4.0
90,3,4,1.65,3,1.47
42,5,0,4.69,5,3.98
40,2,5,1.8,5,1.52
98,3,10,1.88,4,1.68
63,2,2,2.19,5,1.38
94,1,5,4.65,3,3.0
1,2,8,4.84,3,3.0
79,3,3,2.17,2,1.27
83,1,1,3.75,5,2.75
16,2,7,3.27,4,3.04
47,4,1,3.77,3,3.0
1,1,3,4.37,4,3.37
34,4,5,2.61,2,2.74
5,2,4,1.82,7,1.61
2,4,9,2.64,4,3.06
45,2,4,1.04,5,1.0
71,3,1,2.51,1,1.66
92,1,4,1.4,2,1.0
87,2,10,4.89,1,2.0
64,2,1,4.55,3,3.0
32,5,2,2.89,4,2.23
82,1,8,4.84,4,3.84
62,5,0,2.43,4,1.62
4,1,5,3.21,7,2.21
67,4,3,4.79,3,3.0
20,5,7,1.06,3,1.42
6,1,0,1.84,7,1.0
97,3,1,3.86,2,2.88
62,1,5,3.22,4,2.22
78,2,9,2.94,7,2.59
16,4,8,3.96,1,2.0
79,4,2,4.8,7,3.91
69,2,3,1.96,5,1.11
79,4,5,1.54,5,1.58
2,4,9,1.76,6,2.24
62,1,3,4.26,2,3.0
75,1,7,4.82,4,3.82
70,2,2,2.71,4,1.86
65,2,4,3.74,2,3.0
15,3,9,3.65,6,3.62
67,3,1,3.92,4,3.09
18,1,1,4.96,5,3.96
10,1,3,2.13,6,1.13
44,3,9,4.36,4,4.0
50,2,8,3.27,6,2.97
4,5,3,3.73,5,3.21
58,4,8,3.76,3,3.0
9,2,9,2.61,2,2.39
5,1,4,1.09,7,1.0
55,3,8,1.97,2,1.86
3,3,7,3.83,3,3.0
73,2,3,1.5,6,1.0
15,3,4,2.92,1,2.0
94,1,8,4.75,6,3.75
53,3,2,4.95,1,2.0
67,4,1,1.8,3,1.0
54,4,8,2.15,1,2.0
50,3,4,1.23,7,1.13
54,1,10,1.28,5,1.0
9,4,0,3.09,1,2.0
60,2,9,1.08,6,1.0
16,2,4,1.48,2,1.25
79,5,7,3.27,6,3.51
34,1,1,1.44,2,1.0
100,2,0,1.51,7,1.0
88,2,6,1.63,4,1.25
6,5,0,2.47,2,1.94
82,2,4,3.93,2,3.0
53,2,6,2.0,7,1.69
64,2,2,3.33,3,2.51
78,3,5,1.02,5,1.0
70,1,4,3.81,5,2.81
61,4,5,1.61,1,1.69
55,2,5,3.74,3,3.0
36,5,4,1.16,3,1.49
51,4,1,1.82,4,1.06
32,2,7,1.72,7,1.46
56,5,7,2.99,3,3.0
57,4,2,1.06,7,1.0
75,4,4,3.45,7,3.5
53,2,10,1.28,2,1.0
92,1,3,3.97,3,2.97
55,1,8,3.44,2,2.44
44,1,6,4.49,7,3.49
5,2,2,4.39,4,3.86
60,2,9,1.3,7,1.0
84,2,3,3.77,4,2.85
87,5,4,4.09,4,4.0
98,5,7,3.79,2,3.0
40,5,6,2.92,6,3.24
85,5,0,1.8,6,1.0
18,3,2,3.47,3,2.88
81,2,9,3.42,2,3.0
86,3,6,1.31,2,1.14
62,3,3,1.52,6,1.0
23,1,4,1.26,3,1.0
52,4,4,4.46,7,4.55
61,5,4,2.73,2,3.0
60,4,7,1.68,1,1.76
84,1,9,4.29,4,3.29
44,3,6,1.05,1,1.0
30,4,7,2.87,4,3.01
52,3,3,4.41,1,2.0
11,3,10,4.57,5,4.0
69,3,8,5.0,1,2.0
15,4,5,3.5,4,3.67
97,4,5,4.87,1,2.0
13,3,0,2.9,7,2.34
29,1,1,3.32,6,2.32
97,2,10,1.91,3,1.51
38,3,1,2.3,3,1.61
86,4,0,2.03,4,1.1
21,4,8,2.88,6,3.04
6,5,5,4.88,3,3.0
99,3,8,1.26,4,1.06
39,3,7,4.23,5,4.0
52,2,6,3.33,2,3.0
13,5,3,4.4,5,3.84
52,2,6,1.01,3,1.0
0,4,2,4.99,3,3.0
86,3,9,1.19,4,1.02
7,3,8,1.6,5,1.59
83,4,9,1.05,3,1.43
57,4,7,1.47,5,1.55
76,1,5,3.35,1,2.0
39,4,2,2.34,7,1.64
90,4,10,1.83,1,2.0
91,1,9,1.72,6,1.0
96,1,1,3.69,1,2.0
54,5,8,4.65,7,4.94
56,2,2,4.37,5,3.59
86,5,7,2.08,7,2.31
13,3,4,2.01,7,1.98
26,3,5,1.38,4,1.33
17,4,3,1.68,3,1.1
92,2,5,3.6,5,3.22
46,5,5,2.96,4,3.27
8,4,10,4.06,7,4.56
71,5,8,1.93,4,2.18
35,4,7,4.59,5,4.0
92,3,0,4.91,4,3.95
87,5,0,1.68,1,1.0
2,4,2,2.24,6,1.73
79,2,5,1.61,3,1.26
5,5,0,3.38,6,2.86
23,5,0,1.74,2,1.13
10,2,6,2.28,5,2.06
56,5,1,2.05,7,1.27
68,5,2,2.96,7,2.12
84,5,5,1.43,2,1.66
7,1,10,4.13,7,3.13
20,1,6,1.38,3,1.0
48,3,8,3.31,2,3.0
46,4,3,4.82,2,3.0
75,1,7,4.27,6,3.27
29,3,7,2.59,6,2.53
79,4,6,2.55,4,2.59
14,5,10,3.59,5,4.0
14,2,9,3.37,3,3.0
86,5,8,1.68,7,1.91
72,5,8,4.53,3,3.0
42,5,9,2.95,5,3.39
74,1,8,2.55,4,1.55
1,3,1,1.28,3,1.0
81,4,4,2.18,4,2.21
25,2,2,2.25,4,1.63
94,1,0,2.88,7,1.88
33,1,8,3.05,7,2.05
2,3,2,3.95,7,3.44
44,3,10,4.71,1,2.0
8,1,5,2.61,7,1.61
25,5,9,4.44,2,3.0
71,4,8,2.63,7,2.69
55,1,9,4.51,7,3.51
86,5,4,4.97,2,3.0
18,4,9,1.39,7,1.89
45,5,0,4.38,4,3.65
56,3,2,3.55,4,2.77
33,5,8,4.45,7,4.78
71,3,5,3.7,6,3.55
92,1,5,2.64,6,1.64
34,3,2,4.79,3,3.0
14,3,9,4.31,5,4.0
95,5,3,2.06,1,1.09
97,5,6,3.35,2,3.0
11,5,10,4.07,2,3.0
43,2,1,2.76,4,2.05
63,4,6,2.58,2,2.65
65,3,2,2.65,3,1.82
52,4,2,3.22,2,2.46
66,5,6,2.01,6,2.28
82,4,9,1.54,4,1.96
54,2,2,1.24,7,1.0
73,3,0,3.13,5,2.27
86,4,10,1.7,7,2.2
16,2,2,2.26,6,1.68
100,2,0,2.71,1,1.71
11,2,10,2.17,6,1.95
80,2,2,1.25,4,1.0
75,3,0,4.71,2,3.0
85,1,0,2.05,5,1.05
76,3,5,1.27,5,1.12
97,4,1,3.66,5,2.67
98,2,2,4.38,1,2.0
43,5,4,4.6,4,4.0
80,5,1,1.88,1,1.0
29,4,2,2.62,4,1.97
23,2,10,1.7,2,1.46
71,4,7,2.13,6,2.18
27,2,8,1.48,5,1.23
84,4,2,2.68,6,1.76
14,2,2,1.12,1,1.0
51,4,2,2.92,1,2.0
46,3,1,3.99,6,3.26
80,4,10,2.45,3,2.83
35,1,5,2.97,7,1.97
93,5,8,2.0,3,2.21
21,5,0,1.11,5,1.0
45,1,0,4.63,7,3.63
58,4,6,3.82,2,3.0
4,1,7,4.09,7,3.09
93,4,3,2.24,5,1.27
28,3,7,1.06,2,1.01
34,5,2,3.67,5,3.0
15,1,5,3.51,4,2.51
19,2,3,3.03,1,2.0
57,5,2,2.97,6,2.19
49,4,5,1.88,1,1.98
39,2,6,2.61,3,2.33
77,4,0,2.18,4,1.29
35,3,6,1.34,6,1.27
69,2,10,2.54,5,2.2
69,1,4,2.37,4,1.37
55,3,5,3.05,7,2.94
63,5,4,4.19,5,4.0
48,1,3,2.2,4,1.2
93,5,8,1.33,4,1.54
17,5,2,3.05,6,2.46
31,5,9,4.68,6,5.0
12,1,8,4.68,6,3.68
45,5,2,3.43,6,2.71
93,3,9,4.34,6,4.16
45,3,4,2.67,3,2.58
27,5,6,3.55,7,3.9
76,4,1,1.02,3,1.0
58,3,10,4.17,7,4.06
94,5,0,4.73,1,2.0
32,1,9,1.03,6,1.0
88,4,7,1.74,6,1.76
33,3,7,2.98,7,2.91
8,1,7,3.31,7,2.31
20,4,8,1.63,6,1.79
3,4,1,3.43,3,2.91
77,5,7,1.45,6,1.69
25,2,1,1.78,6,1.16
5,2,7,4.32,1,2.0
88,5,0,3.94,4,3.0
88,3,4,3.61,1,2.0
37,3,0,1.02,6,1.0
5,1,6,2.43,3,1.43
11,5,3,3.91,6,3.35
62,2,3,1.35,5,1.0
7,1,1,4.02,4,3.02
59,1,2,2.26,7,1.26
39,5,6,1.86,5,2.18
94,5,9,3.31,6,3.78
92,2,6,4.09,5,3.71
67,2,9,3.25,2,2.91
86,4,10,2.8,2,3.0
52,1,8,3.65,5,2.65
8,3,6,1.47,5,1.45
14,1,5,1.32,4,1.0
32,1,3,3.58,5,2.58
6,4,10,4.04,2,3.0
10,4,2,4.77,2,3.0
16,3,0,3.57,5,2.99
3,4,4,1.66,1,1.86
39,5,3,4.73,5,4.0
78,4,0,2.74,2,1.85
69,1,0,2.61,1,1.61
58,5,6,4.04,6,4.33
16,1,2,1.21,5,1.0
26,3,5,4.25,6,4.2
98,2,2,4.18,4,3.19
86,4,3,1.41,3,1.0
56,2,3,4.23,6,3.45
6,5,6,2.39,2,2.78
25,3,8,1.09,2,1.04
49,1,5,3.94,2,2.94
64,5,5,2.7,4,2.97
8,3,5,2.59,6,2.57
91,4,9,3.07,2,3.0
47,3,1,4.36,7,3.62
14,1,4,4.44,6,3.44
22,3,6,4.78,7,4.73
91,2,5,3.02,7,2.64
8,2,0,4.01,5,3.47
42,3,7,3.96,4,3.88
22,1,8,3.82,6,2.82
95,5,1,3.99,7,3.02
57,5,4,3.5,6,3.79
4,4,2,3.45,4,2.93
17,5,5,3.41,7,3.77
84,1,3,2.16,3,1.16
22,4,1,3.31,4,2.7
94,3,6,3.86,6,3.68
79,2,7,1.58,1,1.22
69,5,8,3.87,7,4.13
49,5,6,1.96,1,2.0
26,4,2,3.58,7,2.95
46,2,0,4.52,1,2.0
37,5,10,2.66,3,3.0
89,4,0,1.98,5,1.03
59,4,9,4.11,1,2.0
42,2,6,2.29,5,2.01
26,2,7,2.62,2,2.37
68,2,1,1.68,6,1.0
2,1,4,2.64,2,1.64
41,4,1,1.54,1,1.0
67,5,10,3.62,7,4.12
4,1,0,1.96,2,1.0
72,2,2,2.33,1,1.47
59,3,9,4.42,3,3.0
71,1,4,2.06,6,1.06
4,4,10,3.49,4,3.9
2,5,9,3.36,5,3.8
47,3,0,1.77,1,1.03
25,1,7,3.81,6,2.81
12,5,8,4.82,1,2.0
46,4,3,3.22,2,2.49
27,1,5,1.37,4,1.0
61,4,2,3.02,2,2.22
94,4,7,2.91,3,2.92
66,3,2,3.33,5,2.5
9,1,0,1.26,3,1.0
50,3,5,3.15,3,3.0
69,5,9,3.36,1,2.0
76,4,5,2.81,3,2.85
11,3,5,2.79,3,2.77
40,1,9,1.39,4,1.0
27,3,9,4.19,6,4.14
19,3,10,3.76,2,3.0
12,3,5,1.56,6,1.53
17,4,4,1.8,1,1.96
90,4,6,1.99,4,2.01
28,3,9,1.97,3,1.91
26,1,7,1.52,7,1.0
92,3,2,2.32,1,1.36
82,3,4,4.83,2,3.0
13,2,9,3.71,7,3.48
15,5,7,2.34,4,2.71
47,1,3,1.32,5,1.0
99,5,8,4.74,1,2.0
35,5,3,4.28,2,3.0
99,2,1,3.29,7,2.3
56,5,5,4.21,4,4.0
99,1,3,4.16,5,3.16
26,3,7,1.26,6,1.2
95,2,1,3.93,1,2.0
6,3,3,2.06,6,1.53
95,3,0,2.47,4,1.5
23,5,10,4.22,1,2.0
7,3,10,2.0,3,1.99
85,2,4,2.71,3,2.34
80,3,6,1.71,6,1.55
78,1,10,3.12,1,2.0
100,5,4,3.36,6,3.56
42,4,7,3.17,1,2.0
8,3,9,2.0,3,1.99
99,1,8,3.6,3,2.6
74,2,7,4.51,1,2.0
89,4,4,4.15,4,4.0
58,4,5,4.42,1,2.0
41,3,6,4.32,6,4.24
84,4,2,4.21,2,3.0
13,5,9,3.33,7,3.83
39,2,7,4.49,7,4.22
25,4,10,3.62,3,3.0
81,5,3,1.12,3,1.0
26,1,6,3.86,7,2.86
89,4,6,4.65,3,3.0
9,2,6,1.28,6,1.06
100,1,10,3.54,7,2.54
26,1,3,2.95,3,1.95
41,3,10,4.37,7,4.28
80,2,0,2.63,6,1.73
20,4,4,3.39,4,3.55
88,1,3,4.02,2,3.0
6,5,2,4.08,6,3.55
5,5,6,4.7,7,5.0
97,1,8,4.11,3,3.0
84,4,9,1.24,5,1.68
81,4,6,2.42,1,2.0
74,1,5,3.9,4,2.9
53,2,6,4.89,5,4.0
46,4,8,3.25,2,3.0
52,4,8,2.79,6,2.89
21,3,7,4.44,4,4.0
9,1,4,2.22,1,1.22
30,2,9,3.65,4,3.39
64,4,3,2.83,1,2.0
8,3,3,2.13,5,1.59
22,5,7,1.48,1,1.84
59,3,4,4.92,3,3.0
64,1,1,1.42,7,1.0
66,4,9,1.03,3,1.42
53,1,6,2.73,5,1.73
39,4,3,1.17,5,1.0
44,4,10,3.29,1,2.0
38,2,10,4.82,5,4.0
39,5,10,3.94,6,4.42
11,1,4,4.8,7,3.8
6,2,0,2.15,5,1.62
43,3,1,3.79,1,2.0
60,3,3,2.88,2,2.08
80,4,9,2.96,7,3.46
63,3,5,1.3,4,1.17
76,4,1,4.96,1,2.0
33,2,3,2.45,3,1.79
74,1,2,3.42,6,2.42
8,3,2,1.84,7,1.3
91,4,1,1.18,5,1.0
86,2,9,4.31,3,3.0
46,1,2,2.35,2,1.35
29,2,4,4.31,2,3.0
83,2,4,4.15,2,3.0
78,4,7,3.33,4,3.37
20,3,9,3.48,2,3.0
99,1,10,2.25,1,1.25
10,2,0,1.21,6,1.0
21,2,1,1.63,6,1.03
9,3,9,4.81,6,4.79
66,1,10,1.54,2,1.0
57,4,7,3.04,4,3.13
21,5,9,2.78,6,3.26
17,1,5,2.05,6,1.05
29,2,4,2.37,3,2.11
12,4,8,3.08,5,3.26
33,5,8,4.1,2,3.0
3,3,3,1.82,2,1.31
7,1,7,2.62,7,1.62
26,1,1,4.44,6,3.44
61,2,8,4.69,4,4.0
20,3,8,3.97,3,3.0
31,3,2,3.38,6,2.73
80,3,3,2.54,3,1.64
63,5,1,1.42,3,1.0
44,2,2,4.2,6,3.48
76,2,2,4.21,3,3.0
23,1,7,2.29,4,1.29
22,2,4,2.67,3,2.42
28,5,4,3.13,1,2.0
7,4,9,3.8,2,3.0
46,2,4,1.78,2,1.49
66,2,5,3.24,2,2.91
35,3,2,1.16,6,1.0
77,2,10,3.32,6,2.96
92,3,2,3.06,3,2.1
76,3,9,2.7,4,2.54
1,4,10,3.03,2,3.0
94,5,0,1.3,6,1.0
19,4,2,2.8,2,2.21
95,3,0,4.34,1,2.0
34,3,1,4.07,2,3.0
2,3,7,3.09,3,3.0
0,1,6,1.86,4,1.0
10,3,5,4.86,4,4.0
9,5,1,1.87,1,1.33
57,5,1,3.0,5,2.21
50,4,6,1.68,3,1.78
43,5,9,3.86,5,4.0
71,5,9,2.35,1,2.0
25,4,3,1.55,3,1.0
62,4,4,3.99,2,3.0
79,3,4,3.49,3,3.0
71,4,8,4.33,7,4.39
41,5,8,4.73,5,4.0
3,2,2,4.12,3,3.0
67,4,2,1.97,1,1.14
16,1,8,4.76,3,3.0
8,4,6,4.79,2,3.0
74,3,7,3.54,6,3.39
52,4,6,1.72,2,1.82
33,1,4,2.69,3,1.69
70,2,7,2.03,4,1.69
99,1,4,2.57,2,1.57
19,5,8,3.17,4,3.53
35,5,10,1.13,1,1.46
16,1,8,4.05,2,3.0
31,5,8,3.06,6,3.39
59,1,8,2.31,3,1.31
35,1,8,1.8,4,1.0
77,1,3,2.72,3,1.72
6,2,3,1.06,1,1.0
35,2,7,1.33,2,1.06
36,4,8,2.84,4,2.97
99,5,9,4.45,6,4.92
15,3,3,4.53,2,3.0
43,1,0,3.65,7,2.65
27,1,4,4.98,5,3.98
99,5,0,4.16,1,2.0
85,3,9,2.63,2,2.46
62,4,0,4.26,1,2.0
54,3,8,3.02,7,2.91
72,2,4,3.94,6,3.6
46,5,1,3.24,5,2.51
69,5,4,2.47,1,2.0
5,4,9,3.77,1,2.0
36,5,7,1.14,5,1.47
39,3,9,3.07,3,2.99
37,2,6,1.23,2,1.0
74,1,7,3.22,1,2.0
33,5,7,3.86,5,4.0
89,4,6,1.74,7,1.76
47,5,7,4.25,4,4.0
81,4,9,3.29,2,3.0
27,1,3,2.66,6,1.66
50,4,4,4.72,6,4.82
66,2,8,1.0,6,1.0
83,1,5,4.02,6,3.02
57,2,5,4.79,4,4.0
14,2,4,1.08,1,1.0
56,2,10,1.37,4,1.06
97,1,8,4.11,4,3.11
32,1,6,1.91,7,1.0
59,2,8,3.71,7,3.39
44,1,7,4.35,5,3.35
19,5,3,2.08,4,1.48
49,2,8,3.05,2,2.75
50,2,3,4.19,4,3.44
74,2,9,4.03,5,3.68
40,4,2,3.35,1,2.0
26,2,1,1.0,4,1.0
27,5,1,1.44,5,1.0
45,5,1,1.27,3,1.0
58,2,6,4.0,7,3.68
19,2,2,2.56,6,1.96
30,3,3,3.32,7,2.67
91,1,2,3.43,3,2.43
31,1,2,2.3,2,1.3
28,4,0,4.43,1,2.0
49,1,4,2.0,7,1.0
54,4,1,1.7,6,1.0
26,3,2,4.46,1,2.0
80,3,3,4.04,3,3.0
21,4,0,4.71,3,3.0
33,3,10,2.67,6,2.6
20,2,9,4.0,7,3.76
7,4,7,1.05,3,1.23
15,1,6,3.32,7,2.32
21,1,0,4.9,2,3.0
96,2,2,4.57,1,2.0
83,5,7,3.08,1,2.0
64,3,9,3.49,3,3.0
58,5,2,1.1,3,1.0
3,1,3,3.8,7,2.8
100,4,7,1.55,2,1.55
53,2,2,2.27,1,1.5
17,4,6,3.33,3,3.0
78,5,5,4.51,4,4.0
65,3,6,4.75,5,4.0
53,4,5,1.52,7,1.61
99,2,10,3.31,7,2.92
96,2,9,1.08,4,1.0
78,1,1,1.25,6,1.0
80,4,8,4.91,4,4.0
96,2,0,2.21,4,1.23
80,2,3,3.43,5,2.53
22,1,5,2.93,7,1.93
51,1,2,2.28,1,1.28
45,1,2,2.14,7,1.14
77,2,6,3.68,6,3.32
58,5,7,1.04,2,1.33
96,3,7,4.35,6,4.16
27,2,7,3.5,4,3.24
40,4,3,3.5,4,2.8
45,2,5,4.66,5,4.0
43,5,3,4.12,4,3.4
49,3,7,4.43,4,4.0
20,2,6,1.96,6,1.72
47,4,7,4.18,5,4.0
15,4,5,1.93,1,2.0
72,1,2,3.21,7,2.21
81,4,2,2.57,3,1.66
48,4,0,2.78,6,2.04
24,2,2,1.91,5,1.29
69,3,4,3.17,7,3.03
74,2,2,2.64,2,1.77
16,4,2,4.4,4,3.82
63,1,8,1.75,5,1.0
64,4,1,4.55,5,3.73
42,4,4,4.94,3,3.0
18,3,1,3.09,3,2.5
50,2,4,4.85,3,3.0
79,5,4,3.02,1,2.0
37,2,6,3.8,5,3.53
100,4,0,3.82,7,2.82
22,2,2,1.95,5,1.34
44,5,1,3.83,3,3.0
49,5,0,2.05,4,1.3
84,5,7,4.44,3,3.0
98,4,2,2.39,1,1.4
24,3,6,3.18,5,3.14
94,4,10,2.27,6,2.74
24,1,3,4.0,3,3.0
12,1,1,3.8,1,2.0
23,5,9,4.69,1,2.0
1,3,6,1.34,4,1.33
12,1,0,4.7,4,3.7
98,4,4,2.59,2,2.6
11,4,10,2.73,5,3.17
57,5,8,4.69,2,3.0
90,4,0,4.32,1,2.0
91,2,9,2.5,1,2.0
25,4,8,1.44,1,1.59
71,5,5,1.39,6,1.65
77,3,5,4.53,7,4.38
11,2,4,4.91,4,4.0
16,4,5,2.0,7,2.17
95,3,7,2.12,6,1.93
69,2,1,3.85,1,2.0
81,3,9,2.67,2,2.51
8,1,4,1.77,5,1.0
55,3,7,2.91,4,2.8
32,5,5,4.2,6,4.54
77,1,5,1.8,7,1.0
89,2,0,1.93,7,1.0
20,2,9,2.42,6,2.18
1,3,8,2.0,6,2.0
75,4,6,4.44,6,4.49
57,1,8,3.82,1,2.0
97,2,7,3.08,2,2.69
67,1,6,2.14,6,1.14
39,1,8,1.29,6,1.0
25,4,6,4.52,3,3.0
34,1,0,2.32,2,1.32
56,4,3,3.41,4,2.63
20,4,0,3.22,7,2.62
14,4,2,3.37,3,2.8
13,2,3,4.26,4,3.69
1,1,2,3.83,6,2.83
42,5,2,4.3,5,3.59
84,5,6,4.55,1,2.0
17,5,7,4.8,2,3.0
73,3,8,2.6,1,2.0
37,4,8,1.64,3,1.76
33,3,1,2.08,6,1.41
42,2,7,1.62,7,1.33
19,5,0,2.15,4,1.56
35,5,1,2.53,7,1.86
78,4,10,3.15,7,3.65
37,3,3,3.98,5,3.3
37,5,3,3.99,7,3.3
3,5,3,1.61,5,1.1
79,1,10,4.96,6,3.96
13,3,6,2.73,4,2.71
38,5,9,4.04,6,4.51
97,3,6,2.58,6,2.38
40,1,5,3.92,7,2.92
50,5,6,4.61,6,4.91
73,2,5,2.48,1,2.0
8,5,4,3.1,1,2.0
71,3,6,4.77,1,2.0
95,3,1,2.74,6,1.77
46,1,2,1.83,6,1.0
89,1,5,1.2,3,1.0
47,4,8,2.01,3,2.11
6,5,6,1.98,6,2.37
57,2,9,3.13,2,2.82
41,3,3,4.19,5,3.48
2,3,9,3.11,5,3.11
21,3,0,1.86,6,1.26
56,1,6,1.25,1,1.0
87,5,8,4.53,5,4.0
79,1,9,1.67,5,1.0
72,1,0,2.29,1,1.29
69,4,9,4.77,7,5.0
5,3,5,1.36,5,1.35
63,2,2,3.33,4,2.52
90,5,4,1.17,4,1.39
37,2,3,2.21,6,1.52
59,5,0,1.01,2,1.0
56,5,5,4.3,4,4.0
83,1,0,2.28,7,1.28
62,5,6,2.98,3,3.0
54,4,2,3.3,3,2.53
90,4,6,1.42,2,1.44
32,4,1,1.47,3,1.0
94,2,5,3.08,1,2.0
8,4,8,3.18,5,3.36
21,2,9,4.38,6,4.14
97,4,4,2.09,3,2.09
91,4,5,4.29,1,2.0
43,1,1,3.22,5,2.22
36,2,0,2.28,3,1.6
93,4,2,3.37,2,2.41
56,1,5,1.07,6,1.0
91,4,3,1.36,4,1.0
71,5,9,1.83,6,2.3
64,5,1,2.62,2,1.8
42,5,5,3.99,7,4.31
28,3,10,4.72,5,4.0
91,4,8,4.72,4,4.0
63,2,8,2.99,6,2.66
38,2,7,3.29,4,3.02
14,2,0,4.35,6,3.78
63,4,1,3.32,7,2.5
78,5,4,3.73,4,3.97
91,1,8,4.73,7,3.73
40,4,10,3.29,5,3.73
0,1,9,1.86,2,1.0
21,1,2,2.84,3,1.84
68,3,1,2.45,2,1.61
6,4,4,3.4,4,3.59
51,2,7,2.78,2,2.48
89,2,9,3.92,6,3.54
1,5,10,1.56,2,1.91
8,1,10,3.91,1,2.0
83,3,7,4.09,3,3.0
62,4,6,4.8,6,4.88
24,1,10,2.41,6,1.41
80,2,7,1.28,2,1.0
87,4,5,1.15,2,1.18
65,3,6,4.51,4,4.0
95,4,6,3.91,1,2.0
3,2,3,2.77,1,2.0
16,5,2,3.51,2,2.93
98,1,7,3.64,7,2.64
90,1,5,1.55,1,1.0
25,1,3,3.31,7,2.31
31,2,9,1.92,5,1.66
19,2,9,3.78,2,3.0
60,4,10,2.82,7,3.32
32,4,6,2.46,5,2.59
97,4,6,3.44,1,2.0
56,3,7,2.95,3,2.83
16,5,10,4.11,2,3.0
95,5,7,3.32,4,3.53
59,1,4,1.06,6,1.0
41,2,9,3.9,1,2.0
16,2,4,2.13,3,1.9
52,5,0,1.74,5,1.0
52,1,7,3.96,1,2.0
18,4,6,3.58,5,3.75
69,2,1,3.39,1,2.0
4,5,2,1.86,6,1.34
14,5,3,4.18,2,3.0
45,2,2,2.27,3,1.55
24,2,9,1.88,4,1.63
58,5,9,2.38,7,2.88
72,5,4,3.83,1,2.0
64,2,5,2.39,6,2.07
4,1,5,2.4,6,1.4
31,3,9,3.38,7,3.32
97,4,2,2.49,6,1.5
66,2,3,3.58,2,2.75
24,3,2,4.33,6,3.71
54,3,2,1.62,5,1.0
71,4,9,2.98,2,3.0
50,4,3,1.51,2,1.0
24,4,8,4.7,1,2.0
37,5,2,1.92,5,1.23
14,3,4,2.02,6,1.99
15,1,6,4.56,5,3.56
14,4,7,4.42,1,2.0
95,2,0,2.17,6,1.19
85,4,6,3.71,2,3.0
1,2,8,4.43,3,3.0
4,5,10,1.42,6,1.89
95,4,2,3.42,2,2.45
55,1,8,3.69,2,2.69
91,1,1,1.15,5,1.0
95,2,9,3.91,7,3.52
80,4,1,4.64,5,3.74
2,3,2,1.4,4,1.0
17,5,2,2.55,4,1.96
87,3,2,1.22,4,1.0
96,2,9,4.42,6,4.03
97,3,5,2.93,4,2.73
32,1,0,2.98,2,1.98
18,1,2,3.06,1,2.0
41,4,3,2.98,4,2.27
4,1,6,2.66,5,1.66
60,3,6,1.02,6,1.0
59,1,1,3.48,4,2.48
81,2,6,1.33,4,1.0
13,2,1,1.04,5,1.0
19,1,1,4.34,2,3.0
96,3,2,2.02,4,1.04
54,3,7,3.34,5,3.23
6,2,4,3.37,2,3.0
35,5,9,1.97,1,2.0
74,2,10,2.36,3,2.01
10,2,10,4.72,7,4.5
74,4,8,1.75,1,1.8
74,3,0,2.61,2,1.74
41,2,3,3.64,5,2.94
4,4,1,2.42,6,1.9
93,2,1,3.31,7,2.34
27,2,5,2.56,6,2.31
42,3,0,3.67,2,2.96
51,4,9,2.01,6,2.48
8,5,9,2.2,4,2.61
30,3,9,4.48,5,4.0
69,5,2,3.46,1,2.0
14,4,8,4.48,7,4.65
14,5,2,4.56,3,3.0
82,1,0,3.36,7,2.36
62,3,9,3.57,3,3.0
61,3,1,2.43,4,1.62
57,5,5,4.84,7,5.0
9,5,6,3.09,5,3.47
95,2,6,3.81,7,3.42
3,4,0,2.94,5,2.42
52,2,3,1.6,1,1.0
96,3,0,1.01,5,1.0
25,4,5,1.38,6,1.53
85,4,3,1.28,6,1.0
58,2,3,2.04,5,1.25
33,1,8,1.16,1,1.0
78,1,1,4.0,1,2.0
4,2,9,2.39,4,2.18
96,5,1,3.87,7,2.89
70,1,5,3.88,7,2.88
100,2,1,1.2,5,1.0
65,3,0,2.07,4,1.25
43,3,1,1.18,6,1.0
14,4,1,2.63,1,2.0
70,5,10,1.24,3,1.63
12,1,6,2.76,5,1.76
2,2,2,2.8,1,2.0
6,1,2,3.15,4,2.15
7,5,2,4.96,6,4.42
15,4,7,4.07,1,2.0
30,3,2,3.54,4,2.89
73,2,0,3.08,3,2.21
9,1,3,4.81,4,3.81
56,4,7,4.71,5,4.0
100,4,4,1.82,3,1.82
20,4,2,1.07,6,1.0
5,1,0,4.61,6,3.61
5,1,5,4.46,3,3.0
2,2,5,3.25,4,3.05
20,2,9,4.6,2,3.0
86,2,5,4.77,1,2.0
29,5,6,3.68,2,3.0
43,3,5,4.13,1,2.0
20,4,10,2.47,2,2.83
18,5,10,4.03,2,3.0
44,4,0,1.29,7,1.0
14,4,2,4.05,6,3.48
85,1,4,1.26,7,1.0
57,1,7,1.84,4,1.0
9,2,9,3.22,7,3.0
10,5,8,1.12,3,1.5
30,1,3,4.18,6,3.18
89,3,9,2.13,1,1.96
61,4,3,3.49,1,2.0
91,4,4,2.31,2,2.33
23,2,3,3.48,5,2.87
29,1,5,4.95,5,3.95
30,3,7,1.91,7,1.85
27,5,3,1.15,7,1.0
